2018-11-22 12:59:00.313806,10.139.39.98,0.15
2018-11-22 12:59:00.640740,10.139.37.194,0.307082
2018-11-22 12:59:00.932609,10.228.192.210,0.276352
2018-11-22 12:59:01.002239,10.139.7.4,0.15
2018-11-22 12:59:01.039779,10.139.40.85,0.02419
2018-11-22 12:59:01.077002,10.139.40.122,0.017906
2018-11-22 12:59:01.121401,10.138.25.67,0.030812
2018-11-22 12:59:01.160837,10.138.57.2,0.02532
2018-11-22 12:59:01.252934,10.139.17.4,0.078087
2018-11-22 12:59:01.629578,10.138.85.130,0.362106
2018-11-22 12:59:01.672695,10.138.120.66,0.028438
2018-11-22 12:59:02.577614,10.140.93.35,0.881233
2018-11-22 12:59:05.156986,10.228.193.210,0.15
2018-11-22 13:01:15.495045,10.228.204.9,0.15
2018-11-22 13:01:00.445784,10.139.39.98,0.15
2018-11-22 13:01:00.773796,10.139.37.194,0.313133
2018-11-22 13:01:01.079106,10.228.192.210,0.290025
2018-11-22 13:01:01.141372,10.139.7.4,0.15
2018-11-22 13:01:01.180045,10.139.40.85,0.024421
2018-11-22 13:01:01.213972,10.139.40.122,0.017744
2018-11-22 13:01:01.351727,10.138.25.67,0.122428
2018-11-22 13:01:01.397134,10.138.57.2,0.030331
2018-11-22 13:01:01.483542,10.139.17.4,0.071635
2018-11-22 13:01:01.665046,10.138.85.130,0.172272
2018-11-22 13:01:01.698193,10.138.120.66,0.024117
2018-11-22 13:01:02.664834,10.140.93.35,0.957252
2018-11-22 13:01:02.978434,10.228.193.210,0.15
2018-11-22 13:03:12.230743,10.228.204.9,0.15
2018-11-22 13:03:00.436261,10.139.39.98,0.15
2018-11-22 13:03:00.773820,10.139.37.194,0.315402
2018-11-22 13:03:01.074397,10.228.192.210,0.285494
2018-11-22 13:03:01.135720,10.139.7.4,0.15
2018-11-22 13:03:01.175239,10.139.40.85,0.024683
2018-11-22 13:03:01.210730,10.139.40.122,0.018556
2018-11-22 13:03:01.252803,10.138.25.67,0.027053
2018-11-22 13:03:01.296415,10.138.57.2,0.028375
2018-11-22 13:03:01.398919,10.139.17.4,0.081733
2018-11-22 13:03:01.640556,10.138.85.130,0.227046
2018-11-22 13:03:01.678020,10.138.120.66,0.028408
2018-11-22 13:03:02.577551,10.140.93.35,0.889527
2018-11-22 13:03:03.216997,10.228.193.210,0.15
2018-11-22 13:05:13.062358,10.228.204.9,0.15
2018-11-22 13:05:00.425220,10.139.39.98,0.15
2018-11-22 13:05:00.752921,10.139.37.194,0.311502
2018-11-22 13:05:01.050105,10.228.192.210,0.2823
2018-11-22 13:05:01.130896,10.139.7.4,0.15
2018-11-22 13:05:01.170851,10.139.40.85,0.025988
2018-11-22 13:05:01.205355,10.139.40.122,0.018421
2018-11-22 13:05:01.249265,10.138.25.67,0.028562
2018-11-22 13:05:01.294053,10.138.57.2,0.029719
2018-11-22 13:05:01.419412,10.139.17.4,0.110616
2018-11-22 13:05:01.686356,10.138.85.130,0.250958
2018-11-22 13:05:01.731361,10.138.120.66,0.029308
2018-11-22 13:05:02.641851,10.140.93.35,0.882775
2018-11-22 13:05:04.359621,10.228.193.210,0.15
2018-11-22 13:07:13.894286,10.228.204.9,0.15
2018-11-22 13:07:00.424838,10.139.39.98,0.15
2018-11-22 13:07:00.761568,10.139.37.194,0.312184
2018-11-22 13:07:01.051475,10.228.192.210,0.273866
2018-11-22 13:07:01.136441,10.139.7.4,0.15
2018-11-22 13:07:01.174863,10.139.40.85,0.023976
2018-11-22 13:07:01.209807,10.139.40.122,0.018384
2018-11-22 13:07:01.260293,10.138.25.67,0.028657
2018-11-22 13:07:01.303522,10.138.57.2,0.029207
2018-11-22 13:07:01.405651,10.139.17.4,0.086387
2018-11-22 13:07:01.626540,10.138.85.130,0.206062
2018-11-22 13:07:01.671091,10.138.120.66,0.029406
2018-11-22 13:07:02.560687,10.140.93.35,0.872859
2018-11-22 13:07:04.719056,10.228.193.210,0.15
2018-11-22 13:09:14.727082,10.228.204.9,0.15
2018-11-22 13:09:00.437667,10.139.39.98,0.15
2018-11-22 13:09:00.763314,10.139.37.194,0.309805
2018-11-22 13:09:01.084748,10.228.192.210,0.292553
2018-11-22 13:09:01.195649,10.139.7.4,0.15
2018-11-22 13:09:01.233881,10.139.40.85,0.024971
2018-11-22 13:09:01.266786,10.139.40.122,0.017845
2018-11-22 13:09:01.310786,10.138.25.67,0.028422
2018-11-22 13:09:01.354269,10.138.57.2,0.02809
2018-11-22 13:09:01.453209,10.139.17.4,0.084081
2018-11-22 13:09:01.666145,10.138.85.130,0.197624
2018-11-22 13:09:01.709888,10.138.120.66,0.028187
2018-11-22 13:09:02.614042,10.140.93.35,0.888909
2018-11-22 13:09:05.289766,10.228.193.210,0.15
2018-11-22 13:11:15.559170,10.228.204.9,0.15
2018-11-22 13:11:00.452856,10.139.39.98,0.15
2018-11-22 13:11:00.795960,10.139.37.194,0.321717
2018-11-22 13:11:01.101025,10.228.192.210,0.29007
2018-11-22 13:11:01.226500,10.139.7.4,0.15
2018-11-22 13:11:01.266602,10.139.40.85,0.025596
2018-11-22 13:11:01.301028,10.139.40.122,0.018151
2018-11-22 13:11:01.344615,10.138.25.67,0.028202
2018-11-22 13:11:01.385865,10.138.57.2,0.025226
2018-11-22 13:11:01.494206,10.139.17.4,0.093287
2018-11-22 13:11:01.677128,10.138.85.130,0.173175
2018-11-22 13:11:01.713663,10.138.120.66,0.027358
2018-11-22 13:11:02.613788,10.140.93.35,0.890057
2018-11-22 13:11:04.370425,10.228.193.210,0.15
2018-11-22 13:13:14.343075,10.228.204.9,0.15
2018-11-22 13:13:00.452991,10.139.39.98,0.15
2018-11-22 13:13:00.776242,10.139.37.194,0.307197
2018-11-22 13:13:01.070341,10.228.192.210,0.278176
2018-11-22 13:13:01.139699,10.139.7.4,0.15
2018-11-22 13:13:01.179828,10.139.40.85,0.025329
2018-11-22 13:13:01.214026,10.139.40.122,0.017845
2018-11-22 13:13:01.258777,10.138.25.67,0.028837
2018-11-22 13:13:01.305651,10.138.57.2,0.030583
2018-11-22 13:13:01.396729,10.139.17.4,0.075923
2018-11-22 13:13:01.622092,10.138.85.130,0.20976
2018-11-22 13:13:01.666106,10.138.120.66,0.028132
2018-11-22 13:13:02.557714,10.140.93.35,0.882742
2018-11-22 13:13:04.941192,10.228.193.210,0.15
2018-11-22 13:15:15.174770,10.228.204.9,0.15
2018-11-22 13:15:00.463091,10.139.39.98,0.15
2018-11-22 13:15:00.794682,10.139.37.194,0.314755
2018-11-22 13:15:01.115628,10.228.192.210,0.304694
2018-11-22 13:15:01.195295,10.139.7.4,0.15
2018-11-22 13:15:01.241280,10.139.40.85,0.02763
2018-11-22 13:15:01.276450,10.139.40.122,0.018136
2018-11-22 13:15:01.320550,10.138.25.67,0.028142
2018-11-22 13:15:01.364765,10.138.57.2,0.028485
2018-11-22 13:15:01.453181,10.139.17.4,0.072774
2018-11-22 13:15:01.742000,10.138.85.130,0.276012
2018-11-22 13:15:01.794373,10.138.120.66,0.027822
2018-11-22 13:15:02.697962,10.140.93.35,0.895196
2018-11-22 13:15:03.570794,10.228.193.210,0.15
2018-11-22 13:17:13.958417,10.228.204.9,0.15
2018-11-22 13:17:00.479570,10.139.39.98,0.15
2018-11-22 13:17:00.798338,10.139.37.194,0.30435
2018-11-22 13:17:01.099155,10.228.192.210,0.285978
2018-11-22 13:17:01.183964,10.139.7.4,0.15
2018-11-22 13:17:01.447004,10.139.40.85,0.080399
2018-11-22 13:17:01.484564,10.139.40.122,0.01803
2018-11-22 13:17:01.533408,10.138.25.67,0.029724
2018-11-22 13:17:01.577644,10.138.57.2,0.028564
2018-11-22 13:17:01.673180,10.139.17.4,0.074454
2018-11-22 13:17:01.892348,10.138.85.130,0.20226
2018-11-22 13:17:01.936489,10.138.120.66,0.028409
2018-11-22 13:17:02.840641,10.140.93.35,0.889104
2018-11-22 13:17:05.082673,10.228.193.210,0.15
2018-11-22 13:19:14.790383,10.228.204.9,0.15
2018-11-22 13:19:00.500351,10.139.39.98,0.15
2018-11-22 13:19:00.825116,10.139.37.194,0.304478
2018-11-22 13:19:01.131053,10.228.192.210,0.281812
2018-11-22 13:19:01.214821,10.139.7.4,0.15
2018-11-22 13:19:01.255965,10.139.40.85,0.025773
2018-11-22 13:19:01.290206,10.139.40.122,0.019225
2018-11-22 13:19:01.341441,10.138.25.67,0.02912
2018-11-22 13:19:01.384992,10.138.57.2,0.029694
2018-11-22 13:19:01.474875,10.139.17.4,0.070771
2018-11-22 13:19:01.692335,10.138.85.130,0.202809
2018-11-22 13:19:01.744093,10.138.120.66,0.036416
2018-11-22 13:19:02.650581,10.140.93.35,0.891191
2018-11-22 13:19:05.363669,10.228.193.210,0.15
2018-11-22 13:21:15.622396,10.228.204.9,0.15
2018-11-22 13:21:00.506716,10.139.39.98,0.15
2018-11-22 13:21:00.826654,10.139.37.194,0.304939
2018-11-22 13:21:01.129186,10.228.192.210,0.286976
2018-11-22 13:21:01.189723,10.139.7.4,0.15
2018-11-22 13:21:01.228609,10.139.40.85,0.024686
2018-11-22 13:21:01.261782,10.139.40.122,0.018005
2018-11-22 13:21:01.302767,10.138.25.67,0.02547
2018-11-22 13:21:01.346319,10.138.57.2,0.027976
2018-11-22 13:21:01.430738,10.139.17.4,0.069701
2018-11-22 13:21:01.614433,10.138.85.130,0.167217
2018-11-22 13:21:01.659429,10.138.120.66,0.028941
2018-11-22 13:21:02.558406,10.140.93.35,0.882073
2018-11-22 13:21:04.033268,10.228.193.210,0.15
2018-11-22 13:23:14.406838,10.228.204.9,0.15
2018-11-22 13:23:00.503256,10.139.39.98,0.15
2018-11-22 13:23:00.818196,10.139.37.194,0.297807
2018-11-22 13:23:01.117560,10.228.192.210,0.28413
2018-11-22 13:23:01.170823,10.139.7.4,0.15
2018-11-22 13:23:01.209192,10.139.40.85,0.023666
2018-11-22 13:23:01.242450,10.139.40.122,0.018281
2018-11-22 13:23:01.284962,10.138.25.67,0.028281
2018-11-22 13:23:01.327438,10.138.57.2,0.027793
2018-11-22 13:23:01.413179,10.139.17.4,0.070047
2018-11-22 13:23:01.636743,10.138.85.130,0.208386
2018-11-22 13:23:01.679867,10.138.120.66,0.028521
2018-11-22 13:23:02.593663,10.140.93.35,0.88701
2018-11-22 13:23:04.893020,10.228.193.210,0.15
2018-11-22 13:25:15.238616,10.228.204.9,0.15
2018-11-22 13:25:00.509991,10.139.39.98,0.15
2018-11-22 13:25:00.837266,10.139.37.194,0.311371
2018-11-22 13:25:01.128921,10.228.192.210,0.276042
2018-11-22 13:25:01.187968,10.139.7.4,0.15
2018-11-22 13:25:01.234846,10.139.40.85,0.024409
2018-11-22 13:25:01.267840,10.139.40.122,0.018403
2018-11-22 13:25:01.308524,10.138.25.67,0.025135
2018-11-22 13:25:01.352455,10.138.57.2,0.028105
2018-11-22 13:25:01.476973,10.139.17.4,0.10092
2018-11-22 13:25:01.704047,10.138.85.130,0.212933
2018-11-22 13:25:01.749099,10.138.120.66,0.028903
2018-11-22 13:25:02.646815,10.140.93.35,0.881897
2018-11-22 13:25:05.455479,10.228.193.210,0.15
2018-11-22 13:27:16.072185,10.228.204.9,0.15
2018-11-22 13:27:00.519236,10.139.39.98,0.15
2018-11-22 13:27:00.847177,10.139.37.194,0.311153
2018-11-22 13:27:01.150075,10.228.192.210,0.288082
2018-11-22 13:27:01.203607,10.139.7.4,0.15
2018-11-22 13:27:01.243686,10.139.40.85,0.024565
2018-11-22 13:27:01.276934,10.139.40.122,0.018446
2018-11-22 13:27:01.320673,10.138.25.67,0.028862
2018-11-22 13:27:01.375455,10.138.57.2,0.028779
2018-11-22 13:27:01.460803,10.139.17.4,0.071818
2018-11-22 13:27:01.634584,10.138.85.130,0.158825
2018-11-22 13:27:01.678739,10.138.120.66,0.028733
2018-11-22 13:27:02.583509,10.140.93.35,0.887932
2018-11-22 13:27:02.685353,10.228.193.210,0.15
2018-11-22 13:29:12.806216,10.228.204.9,0.15
2018-11-22 13:29:00.529113,10.139.39.98,0.15
2018-11-22 13:29:00.866031,10.139.37.194,0.31183
2018-11-22 13:29:01.168916,10.228.192.210,0.288243
2018-11-22 13:29:01.227151,10.139.7.4,0.15
2018-11-22 13:29:01.273180,10.139.40.85,0.025316
2018-11-22 13:29:01.306024,10.139.40.122,0.018779
2018-11-22 13:29:01.355583,10.138.25.67,0.032554
2018-11-22 13:29:01.405816,10.138.57.2,0.028894
2018-11-22 13:29:01.490252,10.139.17.4,0.069567
2018-11-22 13:29:01.697536,10.138.85.130,0.186252
2018-11-22 13:29:01.738599,10.138.120.66,0.026202
2018-11-22 13:29:02.639798,10.140.93.35,0.88577
2018-11-22 13:29:04.535175,10.228.193.210,0.15
2018-11-22 13:31:15.686193,10.228.204.9,0.15
2018-11-22 13:31:00.538457,10.139.39.98,0.15
2018-11-22 13:31:00.859150,10.139.37.194,0.305536
2018-11-22 13:31:01.161361,10.228.192.210,0.285628
2018-11-22 13:31:01.248039,10.139.7.4,0.15
2018-11-22 13:31:01.287759,10.139.40.85,0.025285
2018-11-22 13:31:01.320822,10.139.40.122,0.018001
2018-11-22 13:31:01.363659,10.138.25.67,0.02811
2018-11-22 13:31:01.404763,10.138.57.2,0.025941
2018-11-22 13:31:01.920720,10.139.17.4,0.501049
2018-11-22 13:31:02.381096,10.138.85.130,0.444552
2018-11-22 13:31:02.425734,10.138.120.66,0.029007
2018-11-22 13:31:03.638447,10.140.93.35,1.197918
2018-11-22 13:31:05.766427,10.228.193.210,0.15
2018-11-22 13:33:16.518512,10.228.204.9,0.15
2018-11-22 13:33:00.558000,10.139.39.98,0.15
2018-11-22 13:33:00.900885,10.139.37.194,0.323463
2018-11-22 13:33:01.196370,10.228.192.210,0.281221
2018-11-22 13:33:01.285463,10.139.7.4,0.15
2018-11-22 13:33:01.323453,10.139.40.85,0.024035
2018-11-22 13:33:01.356967,10.139.40.122,0.018474
2018-11-22 13:33:01.400466,10.138.25.67,0.028526
2018-11-22 13:33:01.449225,10.138.57.2,0.028706
2018-11-22 13:33:01.539658,10.139.17.4,0.076765
2018-11-22 13:33:01.780058,10.138.85.130,0.224435
2018-11-22 13:33:01.825443,10.138.120.66,0.025062
2018-11-22 13:33:02.724981,10.140.93.35,0.885892
2018-11-22 13:33:05.127189,10.228.193.210,0.15
2018-11-22 13:35:15.302690,10.228.204.9,0.15
2018-11-22 13:35:00.556510,10.139.39.98,0.15
2018-11-22 13:35:00.902694,10.139.37.194,0.317676
2018-11-22 13:35:01.198679,10.228.192.210,0.281898
2018-11-22 13:35:01.258299,10.139.7.4,0.15
2018-11-22 13:35:01.297092,10.139.40.85,0.024812
2018-11-22 13:35:01.329995,10.139.40.122,0.017827
2018-11-22 13:35:01.372965,10.138.25.67,0.028318
2018-11-22 13:35:01.416546,10.138.57.2,0.028603
2018-11-22 13:35:01.516238,10.139.17.4,0.085165
2018-11-22 13:35:01.766968,10.138.85.130,0.23457
2018-11-22 13:35:01.813854,10.138.120.66,0.028834
2018-11-22 13:35:02.721078,10.140.93.35,0.892158
2018-11-22 13:35:04.757813,10.228.193.210,0.15
2018-11-22 13:37:14.086241,10.228.204.9,0.15
2018-11-22 13:37:00.566147,10.139.39.98,0.15
2018-11-22 13:37:00.894832,10.139.37.194,0.312509
2018-11-22 13:37:01.195047,10.228.192.210,0.282819
2018-11-22 13:37:01.332745,10.139.7.4,0.15
2018-11-22 13:37:01.377343,10.139.40.85,0.024521
2018-11-22 13:37:01.409988,10.139.40.122,0.01775
2018-11-22 13:37:01.459323,10.138.25.67,0.025811
2018-11-22 13:37:01.501830,10.138.57.2,0.027936
2018-11-22 13:37:01.590461,10.139.17.4,0.07242
2018-11-22 13:37:02.193621,10.138.85.130,0.585162
2018-11-22 13:37:02.245784,10.138.120.66,0.02551
2018-11-22 13:37:03.145347,10.140.93.35,0.885846
2018-11-22 13:37:04.156902,10.228.193.210,0.15
2018-11-22 13:39:14.918210,10.228.204.9,0.15
2018-11-22 13:39:00.576479,10.139.39.98,0.15
2018-11-22 13:39:00.905640,10.139.37.194,0.313204
2018-11-22 13:39:01.205500,10.228.192.210,0.284633
2018-11-22 13:39:01.258934,10.139.7.4,0.15
2018-11-22 13:39:01.309306,10.139.40.85,0.024165
2018-11-22 13:39:01.341702,10.139.40.122,0.018064
2018-11-22 13:39:01.396231,10.138.25.67,0.039296
2018-11-22 13:39:01.436755,10.138.57.2,0.025253
2018-11-22 13:39:01.529653,10.139.17.4,0.078162
2018-11-22 13:39:01.856227,10.138.85.130,0.311394
2018-11-22 13:39:01.900256,10.138.120.66,0.028335
2018-11-22 13:39:02.813728,10.140.93.35,0.89855
2018-11-22 13:39:05.098329,10.228.193.210,0.15
2018-11-22 13:41:15.750496,10.228.204.9,0.15
2018-11-22 13:41:00.616527,10.139.39.98,0.15
2018-11-22 13:41:00.936744,10.139.37.194,0.305903
2018-11-22 13:41:01.238094,10.228.192.210,0.286151
2018-11-22 13:41:01.329584,10.139.7.4,0.15
2018-11-22 13:41:01.376099,10.139.40.85,0.032273
2018-11-22 13:41:01.420544,10.139.40.122,0.018108
2018-11-22 13:41:01.460435,10.138.25.67,0.025747
2018-11-22 13:41:01.504777,10.138.57.2,0.028996
2018-11-22 13:41:01.612566,10.139.17.4,0.08916
2018-11-22 13:41:01.866542,10.138.85.130,0.240036
2018-11-22 13:41:01.910169,10.138.120.66,0.028764
2018-11-22 13:41:02.812488,10.140.93.35,0.887367
2018-11-22 13:41:03.415512,10.228.193.210,0.15
2018-11-22 13:43:14.534253,10.228.204.9,0.15
2018-11-22 13:43:00.594571,10.139.39.98,0.15
2018-11-22 13:43:00.931627,10.139.37.194,0.321134
2018-11-22 13:43:01.240666,10.228.192.210,0.28085
2018-11-22 13:43:01.313474,10.139.7.4,0.15
2018-11-22 13:43:01.354676,10.139.40.85,0.026265
2018-11-22 13:43:01.389499,10.139.40.122,0.018954
2018-11-22 13:43:01.433453,10.138.25.67,0.028965
2018-11-22 13:43:01.480971,10.138.57.2,0.03239
2018-11-22 13:43:01.574950,10.139.17.4,0.079672
2018-11-22 13:43:01.926760,10.138.85.130,0.325476
2018-11-22 13:43:01.970359,10.138.120.66,0.028232
2018-11-22 13:43:02.869253,10.140.93.35,0.883381
2018-11-22 13:43:04.026103,10.228.193.210,0.15
2018-11-22 13:45:13.346039,10.228.204.9,0.15
2018-11-22 13:45:00.608687,10.139.39.98,0.15
2018-11-22 13:45:00.942571,10.139.37.194,0.311948
2018-11-22 13:45:01.239888,10.228.192.210,0.28252
2018-11-22 13:45:01.301940,10.139.7.4,0.15
2018-11-22 13:45:01.343190,10.139.40.85,0.026442
2018-11-22 13:45:01.383736,10.139.40.122,0.017874
2018-11-22 13:45:01.429971,10.138.25.67,0.031918
2018-11-22 13:45:01.478391,10.138.57.2,0.032904
2018-11-22 13:45:01.744221,10.139.17.4,0.250074
2018-11-22 13:45:01.951405,10.138.85.130,0.182217
2018-11-22 13:45:01.994290,10.138.120.66,0.028523
2018-11-22 13:45:02.911497,10.140.93.35,0.902106
2018-11-22 13:45:04.423326,10.228.193.210,0.15
2018-11-22 13:47:14.150189,10.228.204.9,0.15
2018-11-22 13:47:00.613431,10.139.39.98,0.15
2018-11-22 13:47:00.934996,10.139.37.194,0.306207
2018-11-22 13:47:01.243156,10.228.192.210,0.283977
2018-11-22 13:47:01.309605,10.139.7.4,0.15
2018-11-22 13:47:01.363053,10.139.40.85,0.039497
2018-11-22 13:47:01.396316,10.139.40.122,0.018161
2018-11-22 13:47:01.439978,10.138.25.67,0.028521
2018-11-22 13:47:01.483273,10.138.57.2,0.02843
2018-11-22 13:47:01.579925,10.139.17.4,0.080838
2018-11-22 13:47:01.838794,10.138.85.130,0.24358
2018-11-22 13:47:01.883028,10.138.120.66,0.028741
2018-11-22 13:47:02.789873,10.140.93.35,0.890832
2018-11-22 13:47:05.085989,10.228.193.210,0.15
2018-11-22 13:49:14.982421,10.228.204.9,0.15
2018-11-22 13:49:00.621669,10.139.39.98,0.15
2018-11-22 13:49:00.968818,10.139.37.194,0.331347
2018-11-22 13:49:01.266014,10.228.192.210,0.276145
2018-11-22 13:49:01.329638,10.139.7.4,0.15
2018-11-22 13:49:01.368345,10.139.40.85,0.025373
2018-11-22 13:49:01.408823,10.139.40.122,0.018213
2018-11-22 13:49:01.452139,10.138.25.67,0.029512
2018-11-22 13:49:01.495603,10.138.57.2,0.028317
2018-11-22 13:49:01.611611,10.139.17.4,0.101193
2018-11-22 13:49:01.896500,10.138.85.130,0.269778
2018-11-22 13:49:01.939753,10.138.120.66,0.027931
2018-11-22 13:49:02.843571,10.140.93.35,0.887568
2018-11-22 13:49:04.482776,10.228.193.210,0.15
2018-11-22 13:51:13.766258,10.228.204.9,0.15
2018-11-22 13:51:00.631359,10.139.39.98,0.15
2018-11-22 13:51:00.959176,10.139.37.194,0.311093
2018-11-22 13:51:01.268824,10.228.192.210,0.293415
2018-11-22 13:51:01.337383,10.139.7.4,0.15
2018-11-22 13:51:01.375927,10.139.40.85,0.024569
2018-11-22 13:51:01.408683,10.139.40.122,0.017504
2018-11-22 13:51:01.450604,10.138.25.67,0.027265
2018-11-22 13:51:01.494475,10.138.57.2,0.029103
2018-11-22 13:51:01.577692,10.139.17.4,0.06866
2018-11-22 13:51:01.796207,10.138.85.130,0.203654
2018-11-22 13:51:01.839981,10.138.120.66,0.0284
2018-11-22 13:51:02.737245,10.140.93.35,0.882096
2018-11-22 13:51:03.856118,10.228.193.210,0.15
2018-11-22 13:53:14.599106,10.228.204.9,0.15
2018-11-22 13:53:00.642226,10.139.39.98,0.15
2018-11-22 13:53:00.961593,10.139.37.194,0.303558
2018-11-22 13:53:01.280600,10.228.192.210,0.288566
2018-11-22 13:53:01.365084,10.139.7.4,0.15
2018-11-22 13:53:01.403512,10.139.40.85,0.024382
2018-11-22 13:53:01.442430,10.139.40.122,0.021641
2018-11-22 13:53:01.490669,10.138.25.67,0.028266
2018-11-22 13:53:01.524919,10.138.57.2,0.02541
2018-11-22 13:53:01.607415,10.139.17.4,0.068936
2018-11-22 13:53:01.872019,10.138.85.130,0.255262
2018-11-22 13:53:01.911083,10.138.120.66,0.029551
2018-11-22 13:53:02.807089,10.140.93.35,0.885129
2018-11-22 13:53:05.616508,10.228.193.210,0.15
2018-11-22 13:55:15.430698,10.228.204.9,0.15
2018-11-22 13:55:00.650773,10.139.39.98,0.15
2018-11-22 13:55:00.975855,10.139.37.194,0.31025
2018-11-22 13:55:01.281435,10.228.192.210,0.29045
2018-11-22 13:55:01.346626,10.139.7.4,0.15
2018-11-22 13:55:01.385103,10.139.40.85,0.024602
2018-11-22 13:55:01.429589,10.139.40.122,0.017868
2018-11-22 13:55:01.469017,10.138.25.67,0.025129
2018-11-22 13:55:01.512151,10.138.57.2,0.027879
2018-11-22 13:55:01.596482,10.139.17.4,0.069459
2018-11-22 13:55:01.822146,10.138.85.130,0.210267
2018-11-22 13:55:01.865979,10.138.120.66,0.028277
2018-11-22 13:55:02.759443,10.140.93.35,0.877404
2018-11-22 13:55:05.267083,10.228.193.210,0.15
2018-11-22 13:57:16.270158,10.228.204.9,0.15
2018-11-22 13:57:00.662025,10.139.39.98,0.15
2018-11-22 13:57:00.986649,10.139.37.194,0.309086
2018-11-22 13:57:01.277758,10.228.192.210,0.276797
2018-11-22 13:57:01.351841,10.139.7.4,0.15
2018-11-22 13:57:01.390955,10.139.40.85,0.025404
2018-11-22 13:57:01.424821,10.139.40.122,0.01857
2018-11-22 13:57:01.476846,10.138.25.67,0.028808
2018-11-22 13:57:01.520200,10.138.57.2,0.029054
2018-11-22 13:57:01.646933,10.139.17.4,0.111629
2018-11-22 13:57:01.890177,10.138.85.130,0.225621
2018-11-22 13:57:01.943083,10.138.120.66,0.028584
2018-11-22 13:57:02.829194,10.140.93.35,0.871442
2018-11-22 13:57:04.386709,10.228.193.210,0.15
2018-11-22 13:59:15.046237,10.228.204.9,0.15
2018-11-22 13:59:00.670647,10.139.39.98,0.15
2018-11-22 13:59:00.992530,10.139.37.194,0.305932
2018-11-22 13:59:01.301923,10.228.192.210,0.294491
2018-11-22 13:59:01.358578,10.139.7.4,0.15
2018-11-22 13:59:01.397605,10.139.40.85,0.024887
2018-11-22 13:59:01.430183,10.139.40.122,0.01756
2018-11-22 13:59:01.477041,10.138.25.67,0.032487
2018-11-22 13:59:01.517176,10.138.57.2,0.025194
2018-11-22 13:59:01.599977,10.139.17.4,0.068022
2018-11-22 13:59:01.887820,10.138.85.130,0.272979
2018-11-22 13:59:01.931054,10.138.120.66,0.02819
2018-11-22 13:59:02.846740,10.140.93.35,0.888188
2018-11-22 13:59:04.136209,10.228.193.210,0.15
2018-11-22 14:01:13.830276,10.228.204.9,0.15
2018-11-22 14:01:00.680372,10.139.39.98,0.15
2018-11-22 14:01:00.997612,10.139.37.194,0.302172
2018-11-22 14:01:01.298657,10.228.192.210,0.286483
2018-11-22 14:01:01.376426,10.139.7.4,0.15
2018-11-22 14:01:01.419010,10.139.40.85,0.028046
2018-11-22 14:01:01.452947,10.139.40.122,0.018524
2018-11-22 14:01:01.492659,10.138.25.67,0.024434
2018-11-22 14:01:01.533398,10.138.57.2,0.025167
2018-11-22 14:01:01.617933,10.139.17.4,0.069762
2018-11-22 14:01:01.868760,10.138.85.130,0.235611
2018-11-22 14:01:01.921833,10.138.120.66,0.028206
2018-11-22 14:01:02.811680,10.140.93.35,0.876148
2018-11-22 14:01:05.747505,10.228.193.210,0.15
2018-11-22 14:03:16.710858,10.228.204.9,0.15
2018-11-22 14:03:00.689339,10.139.39.98,0.15
2018-11-22 14:03:01.009232,10.139.37.194,0.304543
2018-11-22 14:03:01.311488,10.228.192.210,0.287533
2018-11-22 14:03:01.365833,10.139.7.4,0.15
2018-11-22 14:03:01.405491,10.139.40.85,0.024743
2018-11-22 14:03:01.438977,10.139.40.122,0.017782
2018-11-22 14:03:01.483453,10.138.25.67,0.028516
2018-11-22 14:03:01.527848,10.138.57.2,0.028177
2018-11-22 14:03:01.611976,10.139.17.4,0.069425
2018-11-22 14:03:01.807958,10.138.85.130,0.180702
2018-11-22 14:03:01.849272,10.138.120.66,0.025363
2018-11-22 14:03:02.739217,10.140.93.35,0.875091
2018-11-22 14:03:03.728105,10.228.193.210,0.15
2018-11-22 14:05:13.446219,10.228.204.9,0.15
2018-11-22 14:05:00.698072,10.139.39.98,0.15
2018-11-22 14:05:01.027141,10.139.37.194,0.313564
2018-11-22 14:05:01.320686,10.228.192.210,0.277791
2018-11-22 14:05:01.378357,10.139.7.4,0.15
2018-11-22 14:05:01.416859,10.139.40.85,0.023651
2018-11-22 14:05:01.450048,10.139.40.122,0.018201
2018-11-22 14:05:01.494859,10.138.25.67,0.029629
2018-11-22 14:05:01.540756,10.138.57.2,0.029003
2018-11-22 14:05:01.661566,10.139.17.4,0.105142
2018-11-22 14:05:01.939805,10.138.85.130,0.261956
2018-11-22 14:05:01.985996,10.138.120.66,0.03039
2018-11-22 14:05:02.896016,10.140.93.35,0.894818
2018-11-22 14:05:04.517150,10.228.193.210,0.15
2018-11-22 14:07:14.278167,10.228.204.9,0.15
2018-11-22 14:07:00.707254,10.139.39.98,0.15
2018-11-22 14:07:01.038281,10.139.37.194,0.313595
2018-11-22 14:07:01.341948,10.228.192.210,0.288034
2018-11-22 14:07:01.405044,10.139.7.4,0.15
2018-11-22 14:07:01.444731,10.139.40.85,0.025049
2018-11-22 14:07:01.477446,10.139.40.122,0.017956
2018-11-22 14:07:01.511426,10.138.25.67,0.024305
2018-11-22 14:07:01.546119,10.138.57.2,0.024522
2018-11-22 14:07:01.642046,10.139.17.4,0.086588
2018-11-22 14:07:01.840818,10.138.85.130,0.189987
2018-11-22 14:07:01.876565,10.138.120.66,0.027442
2018-11-22 14:07:02.785273,10.140.93.35,0.892868
2018-11-22 14:07:04.137970,10.228.193.210,0.15
2018-11-22 14:09:15.110224,10.228.204.9,0.15
2018-11-22 14:09:00.718415,10.139.39.98,0.15
2018-11-22 14:09:01.050040,10.139.37.194,0.307874
2018-11-22 14:09:01.351332,10.228.192.210,0.286354
2018-11-22 14:09:01.417619,10.139.7.4,0.15
2018-11-22 14:09:01.465132,10.139.40.85,0.02491
2018-11-22 14:09:01.494964,10.139.40.122,0.017299
2018-11-22 14:09:01.532462,10.138.25.67,0.027663
2018-11-22 14:09:01.566632,10.138.57.2,0.024616
2018-11-22 14:09:01.645218,10.139.17.4,0.069609
2018-11-22 14:09:01.907153,10.138.85.130,0.253177
2018-11-22 14:09:01.943629,10.138.120.66,0.027546
2018-11-22 14:09:02.830194,10.140.93.35,0.8772
2018-11-22 14:09:03.607279,10.228.193.210,0.15
2018-11-22 14:11:13.899736,10.228.204.9,0.15
2018-11-22 14:11:00.729503,10.139.39.98,0.15
2018-11-22 14:11:01.050983,10.139.37.194,0.305328
2018-11-22 14:11:01.344457,10.228.192.210,0.276714
2018-11-22 14:11:01.422861,10.139.7.4,0.15
2018-11-22 14:11:01.482167,10.139.40.85,0.033161
2018-11-22 14:11:01.515039,10.139.40.122,0.017938
2018-11-22 14:11:01.558734,10.138.25.67,0.028648
2018-11-22 14:11:01.601489,10.138.57.2,0.028052
2018-11-22 14:11:01.718750,10.139.17.4,0.101013
2018-11-22 14:11:01.979525,10.138.85.130,0.242889
2018-11-22 14:11:02.022380,10.138.120.66,0.026357
2018-11-22 14:11:02.918281,10.140.93.35,0.880451
2018-11-22 14:11:05.178244,10.228.193.210,0.15
2018-11-22 14:13:14.726279,10.228.204.9,0.15
2018-11-22 14:13:00.740301,10.139.39.98,0.15
2018-11-22 14:13:01.120185,10.139.37.194,0.364784
2018-11-22 14:13:01.425035,10.228.192.210,0.288687
2018-11-22 14:13:01.531057,10.139.7.4,0.15
2018-11-22 14:13:01.565183,10.139.40.85,0.025039
2018-11-22 14:13:01.600401,10.139.40.122,0.017337
2018-11-22 14:13:01.642998,10.138.25.67,0.033237
2018-11-22 14:13:01.685008,10.138.57.2,0.028385
2018-11-22 14:13:01.769379,10.139.17.4,0.076349
2018-11-22 14:13:02.006162,10.138.85.130,0.22716
2018-11-22 14:13:02.049673,10.138.120.66,0.028153
2018-11-22 14:13:02.949319,10.140.93.35,0.883821
2018-11-22 14:13:04.899866,10.228.193.210,0.15
2018-11-22 14:15:15.558388,10.228.204.9,0.15
2018-11-22 14:15:00.749079,10.139.39.98,0.15
2018-11-22 14:15:01.089601,10.139.37.194,0.306613
2018-11-22 14:15:01.402641,10.228.192.210,0.289209
2018-11-22 14:15:01.499905,10.139.7.4,0.15
2018-11-22 14:15:01.547546,10.139.40.85,0.024291
2018-11-22 14:15:01.587246,10.139.40.122,0.017706
2018-11-22 14:15:01.630821,10.138.25.67,0.029106
2018-11-22 14:15:01.679645,10.138.57.2,0.028296
2018-11-22 14:15:01.774401,10.139.17.4,0.080068
2018-11-22 14:15:02.022865,10.138.85.130,0.233198
2018-11-22 14:15:02.067219,10.138.120.66,0.028837
2018-11-22 14:15:02.976271,10.140.93.35,0.887145
2018-11-22 14:15:06.016628,10.228.193.210,0.15
2018-11-22 14:17:16.390457,10.228.204.9,0.15
2018-11-22 14:17:00.759715,10.139.39.98,0.15
2018-11-22 14:17:01.082593,10.139.37.194,0.305037
2018-11-22 14:17:01.376405,10.228.192.210,0.278277
2018-11-22 14:17:01.430264,10.139.7.4,0.15
2018-11-22 14:17:01.475496,10.139.40.85,0.024254
2018-11-22 14:17:01.553376,10.139.40.122,0.029897
2018-11-22 14:17:01.589699,10.138.25.67,0.025454
2018-11-22 14:17:01.631523,10.138.57.2,0.02812
2018-11-22 14:17:01.741201,10.139.17.4,0.100849
2018-11-22 14:17:01.956498,10.138.85.130,0.206366
2018-11-22 14:17:01.993353,10.138.120.66,0.027921
2018-11-22 14:17:02.896899,10.140.93.35,0.88829
2018-11-22 14:17:03.391034,10.228.193.210,0.15
2018-11-22 14:19:13.133580,10.228.204.9,0.15
2018-11-22 14:19:00.768144,10.139.39.98,0.15
2018-11-22 14:19:01.084992,10.139.37.194,0.301187
2018-11-22 14:19:01.390884,10.228.192.210,0.274984
2018-11-22 14:19:01.541210,10.139.7.4,0.15
2018-11-22 14:19:01.581279,10.139.40.85,0.025602
2018-11-22 14:19:01.614446,10.139.40.122,0.017961
2018-11-22 14:19:01.662205,10.138.25.67,0.028165
2018-11-22 14:19:01.702619,10.138.57.2,0.02693
2018-11-22 14:19:01.815089,10.139.17.4,0.097969
2018-11-22 14:19:02.035161,10.138.85.130,0.204464
2018-11-22 14:19:02.080533,10.138.120.66,0.029321
2018-11-22 14:19:02.991187,10.140.93.35,0.890333
2018-11-22 14:19:04.549617,10.228.193.210,0.15
2018-11-22 14:21:13.958284,10.228.204.9,0.15
2018-11-22 14:21:00.777307,10.139.39.98,0.15
2018-11-22 14:21:01.104768,10.139.37.194,0.300863
2018-11-22 14:21:01.409083,10.228.192.210,0.279607
2018-11-22 14:21:01.463685,10.139.7.4,0.15
2018-11-22 14:21:01.501600,10.139.40.85,0.024437
2018-11-22 14:21:01.531185,10.139.40.122,0.017063
2018-11-22 14:21:01.566785,10.138.25.67,0.027351
2018-11-22 14:21:01.601035,10.138.57.2,0.024298
2018-11-22 14:21:01.685724,10.139.17.4,0.074704
2018-11-22 14:21:01.943193,10.138.85.130,0.248546
2018-11-22 14:21:01.979106,10.138.120.66,0.025867
2018-11-22 14:21:02.878942,10.140.93.35,0.88595
2018-11-22 14:21:05.385386,10.228.193.210,0.15
2018-11-22 14:23:14.790191,10.228.204.9,0.15
2018-11-22 14:23:00.805738,10.139.39.98,0.15
2018-11-22 14:23:01.147507,10.139.37.194,0.319046
2018-11-22 14:23:01.447302,10.228.192.210,0.282592
2018-11-22 14:23:01.549233,10.139.7.4,0.15
2018-11-22 14:23:01.582452,10.139.40.85,0.024062
2018-11-22 14:23:01.608272,10.139.40.122,0.017191
2018-11-22 14:23:01.644843,10.138.25.67,0.027731
2018-11-22 14:23:01.680893,10.138.57.2,0.027147
2018-11-22 14:23:01.903585,10.139.17.4,0.205815
2018-11-22 14:23:02.185825,10.138.85.130,0.273127
2018-11-22 14:23:02.237269,10.138.120.66,0.02839
2018-11-22 14:23:03.146429,10.140.93.35,0.889462
2018-11-22 14:23:05.073363,10.228.193.210,0.15
2018-11-22 14:25:15.622209,10.228.204.9,0.15
2018-11-22 14:25:00.797914,10.139.39.98,0.15
2018-11-22 14:25:01.116060,10.139.37.194,0.301565
2018-11-22 14:25:01.419523,10.228.192.210,0.28805
2018-11-22 14:25:01.478545,10.139.7.4,0.15
2018-11-22 14:25:01.522860,10.139.40.85,0.023693
2018-11-22 14:25:01.553116,10.139.40.122,0.017393
2018-11-22 14:25:01.591168,10.138.25.67,0.024328
2018-11-22 14:25:01.627446,10.138.57.2,0.027343
2018-11-22 14:25:01.721361,10.139.17.4,0.084359
2018-11-22 14:25:01.974329,10.138.85.130,0.243327
2018-11-22 14:25:02.014094,10.138.120.66,0.029893
2018-11-22 14:25:02.922002,10.140.93.35,0.892438
2018-11-22 14:25:04.825953,10.228.193.210,0.15
2018-11-22 14:27:14.406829,10.228.204.9,0.15
2018-11-22 14:27:00.821054,10.139.39.98,0.15
2018-11-22 14:27:01.144285,10.139.37.194,0.306903
2018-11-22 14:27:01.446705,10.228.192.210,0.286619
2018-11-22 14:27:01.523085,10.139.7.4,0.15
2018-11-22 14:27:01.556122,10.139.40.85,0.023795
2018-11-22 14:27:01.583067,10.139.40.122,0.017866
2018-11-22 14:27:01.628487,10.138.25.67,0.028495
2018-11-22 14:27:01.672853,10.138.57.2,0.032066
2018-11-22 14:27:01.795224,10.139.17.4,0.114752
2018-11-22 14:27:02.077082,10.138.85.130,0.27222
2018-11-22 14:27:02.121726,10.138.120.66,0.029923
2018-11-22 14:27:03.027817,10.140.93.35,0.8912
2018-11-22 14:27:04.596108,10.228.193.210,0.15
2018-11-22 14:29:15.238738,10.228.204.9,0.15
2018-11-22 14:29:00.823477,10.139.39.98,0.15
2018-11-22 14:29:01.179537,10.139.37.194,0.330738
2018-11-22 14:29:01.484097,10.228.192.210,0.288352
2018-11-22 14:29:01.531991,10.139.7.4,0.15
2018-11-22 14:29:01.565976,10.139.40.85,0.025039
2018-11-22 14:29:01.593130,10.139.40.122,0.018141
2018-11-22 14:29:01.628261,10.138.25.67,0.025709
2018-11-22 14:29:01.664678,10.138.57.2,0.027893
2018-11-22 14:29:01.773933,10.139.17.4,0.096122
2018-11-22 14:29:02.069935,10.138.85.130,0.286997
2018-11-22 14:29:02.112864,10.138.120.66,0.028489
2018-11-22 14:29:03.009744,10.140.93.35,0.882064
2018-11-22 14:29:03.644655,10.228.193.210,0.15
2018-11-22 14:31:14.022661,10.228.204.9,0.15
2018-11-22 14:31:00.833588,10.139.39.98,0.15
2018-11-22 14:31:01.153419,10.139.37.194,0.302977
2018-11-22 14:31:01.442585,10.228.192.210,0.273605
2018-11-22 14:31:01.556583,10.139.7.4,0.15
2018-11-22 14:31:01.588341,10.139.40.85,0.023581
2018-11-22 14:31:01.614345,10.139.40.122,0.016868
2018-11-22 14:31:01.650985,10.138.25.67,0.028043
2018-11-22 14:31:01.694774,10.138.57.2,0.028579
2018-11-22 14:31:01.776708,10.139.17.4,0.074208
2018-11-22 14:31:02.060056,10.138.85.130,0.273531
2018-11-22 14:31:02.104975,10.138.120.66,0.029378
2018-11-22 14:31:02.997814,10.140.93.35,0.877801
2018-11-22 14:31:04.554026,10.228.193.210,0.15
2018-11-22 14:33:14.854714,10.228.204.9,0.15
2018-11-22 14:33:00.842290,10.139.39.98,0.15
2018-11-22 14:33:01.164711,10.139.37.194,0.306587
2018-11-22 14:33:01.466040,10.228.192.210,0.285411
2018-11-22 14:33:01.524436,10.139.7.4,0.15
2018-11-22 14:33:01.557175,10.139.40.85,0.023588
2018-11-22 14:33:01.583722,10.139.40.122,0.017766
2018-11-22 14:33:01.620517,10.138.25.67,0.027484
2018-11-22 14:33:01.657697,10.138.57.2,0.028349
2018-11-22 14:33:01.753632,10.139.17.4,0.080416
2018-11-22 14:33:01.953806,10.138.85.130,0.192304
2018-11-22 14:33:01.990204,10.138.120.66,0.027224
2018-11-22 14:33:02.891569,10.140.93.35,0.886381
2018-11-22 14:33:03.866779,10.228.193.210,0.15
2018-11-22 14:35:13.638249,10.228.204.9,0.15
2018-11-22 14:35:00.852600,10.139.39.98,0.15
2018-11-22 14:35:01.177100,10.139.37.194,0.306321
2018-11-22 14:35:01.482285,10.228.192.210,0.282775
2018-11-22 14:35:01.545617,10.139.7.4,0.15
2018-11-22 14:35:01.578772,10.139.40.85,0.024358
2018-11-22 14:35:01.605335,10.139.40.122,0.017532
2018-11-22 14:35:01.642308,10.138.25.67,0.027752
2018-11-22 14:35:01.676374,10.138.57.2,0.024763
2018-11-22 14:35:01.754617,10.139.17.4,0.069443
2018-11-22 14:35:02.069682,10.138.85.130,0.304635
2018-11-22 14:35:02.117658,10.138.120.66,0.032526
2018-11-22 14:35:03.019234,10.140.93.35,0.886553
2018-11-22 14:35:03.616889,10.228.193.210,0.15
2018-11-22 14:37:14.470312,10.228.204.9,0.15
2018-11-22 14:37:00.862020,10.139.39.98,0.15
2018-11-22 14:37:01.187066,10.139.37.194,0.308706
2018-11-22 14:37:01.484449,10.228.192.210,0.280325
2018-11-22 14:37:01.541298,10.139.7.4,0.15
2018-11-22 14:37:01.573111,10.139.40.85,0.023301
2018-11-22 14:37:01.599274,10.139.40.122,0.017455
2018-11-22 14:37:01.645887,10.138.25.67,0.029033
2018-11-22 14:37:01.682748,10.138.57.2,0.029016
2018-11-22 14:37:01.772390,10.139.17.4,0.079881
2018-11-22 14:37:02.014563,10.138.85.130,0.232815
2018-11-22 14:37:02.062077,10.138.120.66,0.033177
2018-11-22 14:37:02.968759,10.140.93.35,0.876962
2018-11-22 14:37:05.473677,10.228.193.210,0.15
2018-11-22 14:39:15.302823,10.228.204.9,0.15
2018-11-22 14:39:00.873676,10.139.39.98,0.15
2018-11-22 14:39:01.197699,10.139.37.194,0.307371
2018-11-22 14:39:01.500356,10.228.192.210,0.286892
2018-11-22 14:39:01.558931,10.139.7.4,0.15
2018-11-22 14:39:01.592891,10.139.40.85,0.025292
2018-11-22 14:39:01.623545,10.139.40.122,0.017125
2018-11-22 14:39:01.663931,10.138.25.67,0.027881
2018-11-22 14:39:01.700986,10.138.57.2,0.028113
2018-11-22 14:39:01.798364,10.139.17.4,0.084609
2018-11-22 14:39:02.023549,10.138.85.130,0.216401
2018-11-22 14:39:02.068279,10.138.120.66,0.028937
2018-11-22 14:39:02.961021,10.140.93.35,0.877441
2018-11-22 14:39:03.477258,10.228.193.210,0.15
2018-11-22 14:41:14.087097,10.228.204.9,0.15
2018-11-22 14:41:00.905622,10.139.39.98,0.15
2018-11-22 14:41:01.236519,10.139.37.194,0.314086
2018-11-22 14:41:01.537134,10.228.192.210,0.282237
2018-11-22 14:41:01.611706,10.139.7.4,0.15
2018-11-22 14:41:01.648781,10.139.40.85,0.027764
2018-11-22 14:41:01.675018,10.139.40.122,0.017202
2018-11-22 14:41:01.717111,10.138.25.67,0.032591
2018-11-22 14:41:01.754856,10.138.57.2,0.029316
2018-11-22 14:41:01.833651,10.139.17.4,0.07003
2018-11-22 14:41:02.030331,10.138.85.130,0.187239
2018-11-22 14:41:02.075075,10.138.120.66,0.029375
2018-11-22 14:41:02.977776,10.140.93.35,0.886832
2018-11-22 14:41:04.848486,10.228.193.210,0.15
2018-11-22 14:43:14.920020,10.228.204.9,0.15
2018-11-22 14:43:00.892104,10.139.39.98,0.15
2018-11-22 14:43:01.216418,10.139.37.194,0.306352
2018-11-22 14:43:01.516245,10.228.192.210,0.284594
2018-11-22 14:43:01.580508,10.139.7.4,0.15
2018-11-22 14:43:01.612911,10.139.40.85,0.023876
2018-11-22 14:43:01.639887,10.139.40.122,0.017173
2018-11-22 14:43:01.677942,10.138.25.67,0.028629
2018-11-22 14:43:01.716268,10.138.57.2,0.029053
2018-11-22 14:43:01.799795,10.139.17.4,0.075319
2018-11-22 14:43:02.059333,10.138.85.130,0.250032
2018-11-22 14:43:02.103081,10.138.120.66,0.028936
2018-11-22 14:43:03.010135,10.140.93.35,0.891248
2018-11-22 14:43:05.208770,10.228.193.210,0.15
2018-11-22 14:45:15.758317,10.228.204.9,0.15
2018-11-22 14:45:00.926173,10.139.39.98,0.15
2018-11-22 14:45:01.244147,10.139.37.194,0.303268
2018-11-22 14:45:01.544395,10.228.192.210,0.284754
2018-11-22 14:45:01.659534,10.139.7.4,0.15
2018-11-22 14:45:01.701626,10.139.40.85,0.026804
2018-11-22 14:45:01.734217,10.139.40.122,0.017514
2018-11-22 14:45:01.781900,10.138.25.67,0.03287
2018-11-22 14:45:01.829102,10.138.57.2,0.03171
2018-11-22 14:45:02.349844,10.139.17.4,0.505857
2018-11-22 14:45:02.586629,10.138.85.130,0.22148
2018-11-22 14:45:02.640559,10.138.120.66,0.039441
2018-11-22 14:45:03.528141,10.140.93.35,0.870373
2018-11-22 14:45:06.579141,10.228.193.210,0.15
2018-11-22 14:47:16.582692,10.228.204.9,0.15
2018-11-22 14:47:00.915475,10.139.39.98,0.15
2018-11-22 14:47:01.247597,10.139.37.194,0.314554
2018-11-22 14:47:01.546692,10.228.192.210,0.282695
2018-11-22 14:47:01.593226,10.139.7.4,0.15
2018-11-22 14:47:01.625801,10.139.40.85,0.023576
2018-11-22 14:47:01.652915,10.139.40.122,0.018305
2018-11-22 14:47:01.689808,10.138.25.67,0.028481
2018-11-22 14:47:01.726598,10.138.57.2,0.028169
2018-11-22 14:47:01.821264,10.139.17.4,0.076086
2018-11-22 14:47:02.203541,10.138.85.130,0.373972
2018-11-22 14:47:02.253523,10.138.120.66,0.028254
2018-11-22 14:47:03.146163,10.140.93.35,0.878557
2018-11-22 14:47:04.684263,10.228.193.210,0.15
2018-11-22 14:49:15.366294,10.228.204.9,0.15
2018-11-22 14:49:00.935857,10.139.39.98,0.15
2018-11-22 14:49:01.279314,10.139.37.194,0.314227
2018-11-22 14:49:01.581747,10.228.192.210,0.281295
2018-11-22 14:49:01.662546,10.139.7.4,0.15
2018-11-22 14:49:01.696987,10.139.40.85,0.025901
2018-11-22 14:49:01.722121,10.139.40.122,0.016687
2018-11-22 14:49:01.759729,10.138.25.67,0.028514
2018-11-22 14:49:01.795979,10.138.57.2,0.027665
2018-11-22 14:49:01.896549,10.139.17.4,0.092358
2018-11-22 14:49:02.157878,10.138.85.130,0.25219
2018-11-22 14:49:02.201921,10.138.120.66,0.02881
2018-11-22 14:49:03.102630,10.140.93.35,0.885502
2018-11-22 14:49:03.879026,10.228.193.210,0.15
2018-11-22 14:51:14.150231,10.228.204.9,0.15
2018-11-22 14:51:00.945093,10.139.39.98,0.15
2018-11-22 14:51:01.282707,10.139.37.194,0.32129
2018-11-22 14:51:01.581085,10.228.192.210,0.282539
2018-11-22 14:51:01.625911,10.139.7.4,0.15
2018-11-22 14:51:01.659158,10.139.40.85,0.024827
2018-11-22 14:51:01.690695,10.139.40.122,0.017507
2018-11-22 14:51:01.726344,10.138.25.67,0.028327
2018-11-22 14:51:01.760560,10.138.57.2,0.025295
2018-11-22 14:51:01.846316,10.139.17.4,0.071609
2018-11-22 14:51:02.156255,10.138.85.130,0.301605
2018-11-22 14:51:02.200725,10.138.120.66,0.029452
2018-11-22 14:51:03.101171,10.140.93.35,0.885136
2018-11-22 14:51:06.139833,10.228.193.210,0.15
2018-11-22 14:53:17.030301,10.228.204.9,0.15
2018-11-22 14:53:00.953350,10.139.39.98,0.15
2018-11-22 14:53:01.279077,10.139.37.194,0.30912
2018-11-22 14:53:01.580786,10.228.192.210,0.28588
2018-11-22 14:53:01.663278,10.139.7.4,0.15
2018-11-22 14:53:01.695745,10.139.40.85,0.023178
2018-11-22 14:53:01.723170,10.139.40.122,0.019245
2018-11-22 14:53:01.761162,10.138.25.67,0.028662
2018-11-22 14:53:01.805991,10.138.57.2,0.036883
2018-11-22 14:53:01.881374,10.139.17.4,0.067161
2018-11-22 14:53:02.109964,10.138.85.130,0.219498
2018-11-22 14:53:02.152403,10.138.120.66,0.028156
2018-11-22 14:53:03.052658,10.140.93.35,0.87286
2018-11-22 14:53:06.096705,10.228.193.210,0.15
2018-11-22 14:55:15.814359,10.228.204.9,0.15
2018-11-22 14:55:00.977584,10.139.39.98,0.15
2018-11-22 14:55:01.311133,10.139.37.194,0.317003
2018-11-22 14:55:01.611470,10.228.192.210,0.283951
2018-11-22 14:55:01.685537,10.139.7.4,0.15
2018-11-22 14:55:01.717486,10.139.40.85,0.023822
2018-11-22 14:55:01.744400,10.139.40.122,0.018766
2018-11-22 14:55:02.435571,10.138.25.67,0.681764
2018-11-22 14:55:02.481563,10.138.57.2,0.029096
2018-11-22 14:55:02.572113,10.139.17.4,0.075639
2018-11-22 14:55:03.018505,10.138.85.130,0.431666
2018-11-22 14:55:03.063831,10.138.120.66,0.030404
2018-11-22 14:55:03.961194,10.140.93.35,0.882721
2018-11-22 14:55:05.629606,10.228.193.210,0.15
2018-11-22 14:57:16.647056,10.228.204.9,0.15
2018-11-22 14:57:00.974352,10.139.39.98,0.15
2018-11-22 14:57:01.304624,10.139.37.194,0.309227
2018-11-22 14:57:01.632142,10.228.192.210,0.312366
2018-11-22 14:57:01.693533,10.139.7.4,0.15
2018-11-22 14:57:01.733697,10.139.40.85,0.025454
2018-11-22 14:57:01.766878,10.139.40.122,0.018516
2018-11-22 14:57:01.811434,10.138.25.67,0.029863
2018-11-22 14:57:01.857204,10.138.57.2,0.029194
2018-11-22 14:57:01.943699,10.139.17.4,0.071773
2018-11-22 14:57:02.199031,10.138.85.130,0.241411
2018-11-22 14:57:02.243315,10.138.120.66,0.028452
2018-11-22 14:57:03.138797,10.140.93.35,0.879596
2018-11-22 14:57:03.798913,10.228.193.210,0.15
2018-11-22 14:59:13.382705,10.228.204.9,0.15
2018-11-22 14:59:01.000281,10.139.39.98,0.15
2018-11-22 14:59:01.423407,10.139.37.194,0.406987
2018-11-22 14:59:01.725286,10.228.192.210,0.285822
2018-11-22 14:59:01.798465,10.139.7.4,0.15
2018-11-22 14:59:01.837372,10.139.40.85,0.031323
2018-11-22 14:59:01.862133,10.139.40.122,0.016515
2018-11-22 14:59:01.898048,10.138.25.67,0.027864
2018-11-22 14:59:01.933930,10.138.57.2,0.027806
2018-11-22 14:59:02.018673,10.139.17.4,0.075972
2018-11-22 14:59:02.259123,10.138.85.130,0.226145
2018-11-22 14:59:02.304472,10.138.120.66,0.029251
2018-11-22 14:59:03.214411,10.140.93.35,0.895215
2018-11-22 14:59:04.017174,10.228.193.210,0.15
2018-11-22 15:01:14.227565,10.228.204.9,0.15
2018-11-22 15:01:01.002154,10.139.39.98,0.15
2018-11-22 15:01:01.328716,10.139.37.194,0.309883
2018-11-22 15:01:01.621943,10.228.192.210,0.276584
2018-11-22 15:01:01.670321,10.139.7.4,0.15
2018-11-22 15:01:01.702546,10.139.40.85,0.024209
2018-11-22 15:01:01.728512,10.139.40.122,0.017265
2018-11-22 15:01:01.764822,10.138.25.67,0.028127
2018-11-22 15:01:01.801847,10.138.57.2,0.028224
2018-11-22 15:01:02.488103,10.139.17.4,0.677521
2018-11-22 15:01:03.037255,10.138.85.130,0.53374
2018-11-22 15:01:03.080820,10.138.120.66,0.028523
2018-11-22 15:01:04.361470,10.140.93.35,1.264769
2018-11-22 15:01:05.719013,10.228.193.210,0.15
2018-11-22 15:03:15.046726,10.228.204.9,0.15
2018-11-22 15:03:01.012112,10.139.39.98,0.15
2018-11-22 15:03:01.349173,10.139.37.194,0.307214
2018-11-22 15:03:01.643282,10.228.192.210,0.279948
2018-11-22 15:03:01.693680,10.139.7.4,0.15
2018-11-22 15:03:01.728757,10.139.40.85,0.023309
2018-11-22 15:03:01.755141,10.139.40.122,0.018612
2018-11-22 15:03:01.789036,10.138.25.67,0.025007
2018-11-22 15:03:01.825444,10.138.57.2,0.028461
2018-11-22 15:03:01.912369,10.139.17.4,0.075534
2018-11-22 15:03:02.157938,10.138.85.130,0.237268
2018-11-22 15:03:02.205518,10.138.120.66,0.032728
2018-11-22 15:03:03.110732,10.140.93.35,0.890445
2018-11-22 15:03:04.837965,10.228.193.210,0.15
2018-11-22 15:05:15.887303,10.228.204.9,0.15
2018-11-22 15:05:01.021950,10.139.39.98,0.15
2018-11-22 15:05:01.351646,10.139.37.194,0.313153
2018-11-22 15:05:01.645827,10.228.192.210,0.279108
2018-11-22 15:05:01.738610,10.139.7.4,0.15
2018-11-22 15:05:01.772293,10.139.40.85,0.025275
2018-11-22 15:05:01.798359,10.139.40.122,0.017779
2018-11-22 15:05:01.832452,10.138.25.67,0.025173
2018-11-22 15:05:01.877674,10.138.57.2,0.029048
2018-11-22 15:05:01.956067,10.139.17.4,0.071141
2018-11-22 15:05:02.354375,10.138.85.130,0.388885
2018-11-22 15:05:02.400908,10.138.120.66,0.03253
2018-11-22 15:05:03.295360,10.140.93.35,0.87972
2018-11-22 15:05:04.159353,10.228.193.210,0.15
2018-11-22 15:07:14.671163,10.228.204.9,0.15
2018-11-22 15:07:01.031934,10.139.39.98,0.15
2018-11-22 15:07:01.357814,10.139.37.194,0.308271
2018-11-22 15:07:01.659004,10.228.192.210,0.28639
2018-11-22 15:07:01.701933,10.139.7.4,0.15
2018-11-22 15:07:01.733852,10.139.40.85,0.023887
2018-11-22 15:07:01.759528,10.139.40.122,0.017371
2018-11-22 15:07:01.797001,10.138.25.67,0.028741
2018-11-22 15:07:01.845731,10.138.57.2,0.040773
2018-11-22 15:07:01.932189,10.139.17.4,0.067531
2018-11-22 15:07:02.236646,10.138.85.130,0.287889
2018-11-22 15:07:02.286473,10.138.120.66,0.029606
2018-11-22 15:07:03.172218,10.140.93.35,0.872123
2018-11-22 15:07:03.840079,10.228.193.210,0.15
2018-11-22 15:09:13.446744,10.228.204.9,0.15
2018-11-22 15:09:01.041974,10.139.39.98,0.15
2018-11-22 15:09:01.365847,10.139.37.194,0.306802
2018-11-22 15:09:01.670282,10.228.192.210,0.289417
2018-11-22 15:09:01.728538,10.139.7.4,0.15
2018-11-22 15:09:01.762575,10.139.40.85,0.026228
2018-11-22 15:09:01.788489,10.139.40.122,0.017832
2018-11-22 15:09:01.826526,10.138.25.67,0.029343
2018-11-22 15:09:01.862632,10.138.57.2,0.028163
2018-11-22 15:09:01.978140,10.139.17.4,0.107002
2018-11-22 15:09:02.574797,10.138.85.130,0.587587
2018-11-22 15:09:02.619916,10.138.120.66,0.029148
2018-11-22 15:09:03.535622,10.140.93.35,0.88708
2018-11-22 15:09:05.689579,10.228.193.210,0.15
2018-11-22 15:11:16.328054,10.228.204.9,0.15
2018-11-22 15:11:01.050737,10.139.39.98,0.15
2018-11-22 15:11:01.397127,10.139.37.194,0.319944
2018-11-22 15:11:01.694801,10.228.192.210,0.281728
2018-11-22 15:11:01.775782,10.139.7.4,0.15
2018-11-22 15:11:01.808221,10.139.40.85,0.024842
2018-11-22 15:11:01.839217,10.139.40.122,0.018433
2018-11-22 15:11:01.872559,10.138.25.67,0.026065
2018-11-22 15:11:01.911021,10.138.57.2,0.029958
2018-11-22 15:11:01.988554,10.139.17.4,0.06972
2018-11-22 15:11:02.363803,10.138.85.130,0.362401
2018-11-22 15:11:02.408023,10.138.120.66,0.029615
2018-11-22 15:11:03.309709,10.140.93.35,0.886901
2018-11-22 15:11:04.809947,10.228.193.210,0.15
2018-11-22 15:13:15.110260,10.228.204.9,0.15
2018-11-22 15:13:01.084829,10.139.39.98,0.15
2018-11-22 15:13:01.404972,10.139.37.194,0.305059
2018-11-22 15:13:01.704792,10.228.192.210,0.283926
2018-11-22 15:13:01.755967,10.139.7.4,0.15
2018-11-22 15:13:01.793920,10.139.40.85,0.023785
2018-11-22 15:13:01.827241,10.139.40.122,0.018112
2018-11-22 15:13:01.880468,10.138.25.67,0.028926
2018-11-22 15:13:01.923205,10.138.57.2,0.028655
2018-11-22 15:13:02.013544,10.139.17.4,0.074338
2018-11-22 15:13:02.641959,10.138.85.130,0.613201
2018-11-22 15:13:02.686321,10.138.120.66,0.029347
2018-11-22 15:13:03.603477,10.140.93.35,0.902019
2018-11-22 15:13:05.042811,10.228.193.210,0.15
2018-11-22 15:15:15.942259,10.228.204.9,0.15
2018-11-22 15:15:01.075364,10.139.39.98,0.15
2018-11-22 15:15:01.420461,10.139.37.194,0.317802
2018-11-22 15:15:01.729123,10.228.192.210,0.29436
2018-11-22 15:15:01.808366,10.139.7.4,0.15
2018-11-22 15:15:01.844183,10.139.40.85,0.023189
2018-11-22 15:15:01.868710,10.139.40.122,0.017139
2018-11-22 15:15:01.908850,10.138.25.67,0.0313
2018-11-22 15:15:01.947864,10.138.57.2,0.03071
2018-11-22 15:15:02.063732,10.139.17.4,0.106798
2018-11-22 15:15:02.281735,10.138.85.130,0.19829
2018-11-22 15:15:02.326090,10.138.120.66,0.029251
2018-11-22 15:15:03.245811,10.140.93.35,0.900071
2018-11-22 15:15:04.386830,10.228.193.210,0.15
2018-11-22 15:17:14.726237,10.228.204.9,0.15
2018-11-22 15:17:01.096506,10.139.39.98,0.15
2018-11-22 15:17:01.433230,10.139.37.194,0.313251
2018-11-22 15:17:01.724346,10.228.192.210,0.276912
2018-11-22 15:17:01.776658,10.139.7.4,0.15
2018-11-22 15:17:01.811526,10.139.40.85,0.027099
2018-11-22 15:17:01.837871,10.139.40.122,0.01821
2018-11-22 15:17:01.873597,10.138.25.67,0.027623
2018-11-22 15:17:01.911757,10.138.57.2,0.023721
2018-11-22 15:17:01.987980,10.139.17.4,0.068821
2018-11-22 15:17:02.204012,10.138.85.130,0.206939
2018-11-22 15:17:02.255951,10.138.120.66,0.032195
2018-11-22 15:17:03.157407,10.140.93.35,0.887656
2018-11-22 15:17:05.412189,10.228.193.210,0.15
2018-11-22 15:19:15.558239,10.228.204.9,0.15
2018-11-22 15:19:01.089299,10.139.39.98,0.15
2018-11-22 15:19:01.418672,10.139.37.194,0.306006
2018-11-22 15:19:01.716432,10.228.192.210,0.283409
2018-11-22 15:19:01.763671,10.139.7.4,0.15
2018-11-22 15:19:01.796765,10.139.40.85,0.025407
2018-11-22 15:19:01.822524,10.139.40.122,0.01763
2018-11-22 15:19:01.859414,10.138.25.67,0.028487
2018-11-22 15:19:01.905425,10.138.57.2,0.030229
2018-11-22 15:19:02.061306,10.139.17.4,0.144668
2018-11-22 15:19:02.294269,10.138.85.130,0.209869
2018-11-22 15:19:02.339248,10.138.120.66,0.03054
2018-11-22 15:19:03.250700,10.140.93.35,0.895481
2018-11-22 15:19:04.300627,10.228.193.210,0.15
2018-11-22 15:21:14.342530,10.228.204.9,0.15
2018-11-22 15:21:01.091671,10.139.39.98,0.15
2018-11-22 15:21:01.419745,10.139.37.194,0.311058
2018-11-22 15:21:01.719477,10.228.192.210,0.284696
2018-11-22 15:21:01.872678,10.139.7.4,0.15
2018-11-22 15:21:01.914903,10.139.40.85,0.034372
2018-11-22 15:21:01.940416,10.139.40.122,0.017412
2018-11-22 15:21:01.978438,10.138.25.67,0.029262
2018-11-22 15:21:02.016368,10.138.57.2,0.029088
2018-11-22 15:21:02.101873,10.139.17.4,0.07087
2018-11-22 15:21:02.499777,10.138.85.130,0.38309
2018-11-22 15:21:02.544685,10.138.120.66,0.029735
2018-11-22 15:21:03.453849,10.140.93.35,0.894415
2018-11-22 15:21:06.482510,10.228.193.210,0.15
2018-11-22 15:23:17.222187,10.228.204.9,0.15
2018-11-22 15:23:01.100339,10.139.39.98,0.15
2018-11-22 15:23:01.430130,10.139.37.194,0.314001
2018-11-22 15:23:01.734627,10.228.192.210,0.289216
2018-11-22 15:23:01.812805,10.139.7.4,0.15
2018-11-22 15:23:01.853181,10.139.40.85,0.023571
2018-11-22 15:23:01.878412,10.139.40.122,0.017616
2018-11-22 15:23:01.914787,10.138.25.67,0.027803
2018-11-22 15:23:01.956006,10.138.57.2,0.027857
2018-11-22 15:23:02.036540,10.139.17.4,0.072577
2018-11-22 15:23:02.307453,10.138.85.130,0.256125
2018-11-22 15:23:02.356796,10.138.120.66,0.028881
2018-11-22 15:23:03.256456,10.140.93.35,0.885477
2018-11-22 15:23:04.412449,10.228.193.210,0.15
2018-11-22 15:25:13.959094,10.228.204.9,0.15
2018-11-22 15:25:01.112243,10.139.39.98,0.15
2018-11-22 15:25:01.436904,10.139.37.194,0.308093
2018-11-22 15:25:01.727605,10.228.192.210,0.275465
2018-11-22 15:25:01.773892,10.139.7.4,0.15
2018-11-22 15:25:01.806628,10.139.40.85,0.024025
2018-11-22 15:25:01.832523,10.139.40.122,0.017575
2018-11-22 15:25:01.869254,10.138.25.67,0.028078
2018-11-22 15:25:01.905508,10.138.57.2,0.028004
2018-11-22 15:25:01.998061,10.139.17.4,0.073329
2018-11-22 15:25:02.202113,10.138.85.130,0.192741
2018-11-22 15:25:02.253983,10.138.120.66,0.036988
2018-11-22 15:25:03.130179,10.140.93.35,0.861243
2018-11-22 15:25:04.983250,10.228.193.210,0.15
2018-11-22 15:27:14.790031,10.228.204.9,0.15
2018-11-22 15:27:01.117781,10.139.39.98,0.15
2018-11-22 15:27:01.471773,10.139.37.194,0.337822
2018-11-22 15:27:01.769595,10.228.192.210,0.28256
2018-11-22 15:27:01.820712,10.139.7.4,0.15
2018-11-22 15:27:01.852900,10.139.40.85,0.024544
2018-11-22 15:27:01.880257,10.139.40.122,0.017561
2018-11-22 15:27:01.916352,10.138.25.67,0.028091
2018-11-22 15:27:01.960373,10.138.57.2,0.02735
2018-11-22 15:27:02.037284,10.139.17.4,0.068471
2018-11-22 15:27:02.295669,10.138.85.130,0.243503
2018-11-22 15:27:02.343671,10.138.120.66,0.029313
2018-11-22 15:27:03.228746,10.140.93.35,0.870657
2018-11-22 15:27:03.735762,10.228.193.210,0.15
2018-11-22 15:29:13.574756,10.228.204.9,0.15
2018-11-22 15:29:01.131495,10.139.39.98,0.15
2018-11-22 15:29:01.470811,10.139.37.194,0.312031
2018-11-22 15:29:01.772582,10.228.192.210,0.287383
2018-11-22 15:29:01.857755,10.139.7.4,0.15
2018-11-22 15:29:01.897611,10.139.40.85,0.032066
2018-11-22 15:29:01.923274,10.139.40.122,0.017395
2018-11-22 15:29:01.976120,10.138.25.67,0.03738
2018-11-22 15:29:02.013717,10.138.57.2,0.029359
2018-11-22 15:29:02.104281,10.139.17.4,0.07578
2018-11-22 15:29:02.318384,10.138.85.130,0.198994
2018-11-22 15:29:02.363795,10.138.120.66,0.030529
2018-11-22 15:29:03.244174,10.140.93.35,0.865074
2018-11-22 15:29:06.173406,10.228.193.210,0.15
2018-11-22 15:31:16.454328,10.228.204.9,0.15
2018-11-22 15:31:01.138981,10.139.39.98,0.15
2018-11-22 15:31:01.467696,10.139.37.194,0.312424
2018-11-22 15:31:01.761177,10.228.192.210,0.278077
2018-11-22 15:31:01.812078,10.139.7.4,0.15
2018-11-22 15:31:01.843644,10.139.40.85,0.024089
2018-11-22 15:31:01.869810,10.139.40.122,0.017626
2018-11-22 15:31:01.903543,10.138.25.67,0.024533
2018-11-22 15:31:01.940364,10.138.57.2,0.028115
2018-11-22 15:31:02.022719,10.139.17.4,0.073282
2018-11-22 15:31:02.428966,10.138.85.130,0.390229
2018-11-22 15:31:02.472698,10.138.120.66,0.028824
2018-11-22 15:31:03.350623,10.140.93.35,0.86295
2018-11-22 15:31:04.474105,10.228.193.210,0.15
2018-11-22 15:33:15.238248,10.228.204.9,0.15
2018-11-22 15:33:01.155081,10.139.39.98,0.15
2018-11-22 15:33:01.487347,10.139.37.194,0.316626
2018-11-22 15:33:01.785152,10.228.192.210,0.281573
2018-11-22 15:33:01.846595,10.139.7.4,0.15
2018-11-22 15:33:01.877770,10.139.40.85,0.023813
2018-11-22 15:33:01.908686,10.139.40.122,0.017229
2018-11-22 15:33:01.946026,10.138.25.67,0.029057
2018-11-22 15:33:01.982647,10.138.57.2,0.028395
2018-11-22 15:33:02.328799,10.139.17.4,0.33746
2018-11-22 15:33:02.539168,10.138.85.130,0.195546
2018-11-22 15:33:02.584066,10.138.120.66,0.028503
2018-11-22 15:33:03.480661,10.140.93.35,0.880966
2018-11-22 15:33:05.303121,10.228.193.210,0.15
2018-11-22 15:35:16.070380,10.228.204.9,0.15
2018-11-22 15:35:01.159935,10.139.39.98,0.15
2018-11-22 15:35:01.484106,10.139.37.194,0.30673
2018-11-22 15:35:01.785153,10.228.192.210,0.285717
2018-11-22 15:35:01.852221,10.139.7.4,0.15
2018-11-22 15:35:01.883770,10.139.40.85,0.024135
2018-11-22 15:35:01.910849,10.139.40.122,0.018636
2018-11-22 15:35:01.944639,10.138.25.67,0.024434
2018-11-22 15:35:01.987933,10.138.57.2,0.028535
2018-11-22 15:35:02.070688,10.139.17.4,0.07477
2018-11-22 15:35:02.294283,10.138.85.130,0.208612
2018-11-22 15:35:02.338886,10.138.120.66,0.029583
2018-11-22 15:35:03.237410,10.140.93.35,0.883695
2018-11-22 15:35:04.405320,10.228.193.210,0.15
2018-11-22 15:37:14.854747,10.228.204.9,0.15
2018-11-22 15:37:01.199612,10.139.39.98,0.15
2018-11-22 15:37:01.522901,10.139.37.194,0.309032
2018-11-22 15:37:01.822266,10.228.192.210,0.289677
2018-11-22 15:37:01.866148,10.139.7.4,0.15
2018-11-22 15:37:01.900322,10.139.40.85,0.026539
2018-11-22 15:37:01.926071,10.139.40.122,0.017394
2018-11-22 15:37:01.962703,10.138.25.67,0.028581
2018-11-22 15:37:01.997427,10.138.57.2,0.025065
2018-11-22 15:37:02.094363,10.139.17.4,0.08792
2018-11-22 15:37:02.284181,10.138.85.130,0.175094
2018-11-22 15:37:02.328832,10.138.120.66,0.029657
2018-11-22 15:37:03.233098,10.140.93.35,0.889531
2018-11-22 15:37:04.995224,10.228.193.210,0.15
2018-11-22 15:39:15.686514,10.228.204.9,0.15
2018-11-22 15:39:01.189205,10.139.39.98,0.15
2018-11-22 15:39:01.613623,10.139.37.194,0.408598
2018-11-22 15:39:01.901049,10.228.192.210,0.278489
2018-11-22 15:39:01.991877,10.139.7.4,0.15
2018-11-22 15:39:02.024305,10.139.40.85,0.024335
2018-11-22 15:39:02.057215,10.139.40.122,0.017785
2018-11-22 15:39:02.101669,10.138.25.67,0.030027
2018-11-22 15:39:02.145761,10.138.57.2,0.029056
2018-11-22 15:39:02.232383,10.139.17.4,0.071737
2018-11-22 15:39:02.444985,10.138.85.130,0.197779
2018-11-22 15:39:02.502456,10.138.120.66,0.025432
2018-11-22 15:39:03.403142,10.140.93.35,0.88648
2018-11-22 15:39:04.406584,10.228.193.210,0.15
2018-11-22 15:41:14.470050,10.228.204.9,0.15
2018-11-22 15:41:01.192990,10.139.39.98,0.15
2018-11-22 15:41:01.519125,10.139.37.194,0.310458
2018-11-22 15:41:01.812324,10.228.192.210,0.283455
2018-11-22 15:41:01.854450,10.139.7.4,0.15
2018-11-22 15:41:01.897454,10.139.40.85,0.035178
2018-11-22 15:41:01.923027,10.139.40.122,0.017321
2018-11-22 15:41:01.956305,10.138.25.67,0.024854
2018-11-22 15:41:01.989398,10.138.57.2,0.024387
2018-11-22 15:41:02.070933,10.139.17.4,0.072846
2018-11-22 15:41:02.273673,10.138.85.130,0.188389
2018-11-22 15:41:02.316704,10.138.120.66,0.028055
2018-11-22 15:41:03.238321,10.140.93.35,0.897804
2018-11-22 15:41:12.319179,10.228.193.210,0.15
2018-11-22 15:43:23.494633,10.228.204.9,0.15
2018-11-22 15:43:01.220304,10.139.39.98,0.15
2018-11-22 15:43:01.537138,10.139.37.194,0.300357
2018-11-22 15:43:01.844098,10.228.192.210,0.290998
2018-11-22 15:43:01.974232,10.139.7.4,0.15
2018-11-22 15:43:02.021998,10.139.40.85,0.033236
2018-11-22 15:43:02.055301,10.139.40.122,0.017927
2018-11-22 15:43:02.097719,10.138.25.67,0.026466
2018-11-22 15:43:02.141752,10.138.57.2,0.028938
2018-11-22 15:43:02.242169,10.139.17.4,0.085596
2018-11-22 15:43:02.514011,10.138.85.130,0.25677
2018-11-22 15:43:02.556186,10.138.120.66,0.027847
2018-11-22 15:43:03.466603,10.140.93.35,0.895661
2018-11-22 15:43:04.517597,10.228.193.210,0.15
2018-11-22 15:45:14.086032,10.228.204.9,0.15
2018-11-22 15:45:01.220926,10.139.39.98,0.15
2018-11-22 15:45:01.537557,10.139.37.194,0.301261
2018-11-22 15:45:01.828768,10.228.192.210,0.281946
2018-11-22 15:45:01.879135,10.139.7.4,0.15
2018-11-22 15:45:01.912654,10.139.40.85,0.025513
2018-11-22 15:45:01.938341,10.139.40.122,0.017112
2018-11-22 15:45:01.980565,10.138.25.67,0.025051
2018-11-22 15:45:02.018465,10.138.57.2,0.028398
2018-11-22 15:45:02.117930,10.139.17.4,0.082678
2018-11-22 15:45:02.403142,10.138.85.130,0.269145
2018-11-22 15:45:02.451656,10.138.120.66,0.031011
2018-11-22 15:45:03.356523,10.140.93.35,0.889831
2018-11-22 15:45:04.053944,10.228.193.210,0.15
2018-11-22 15:47:14.918664,10.228.204.9,0.15
2018-11-22 15:47:01.232570,10.139.39.98,0.15
2018-11-22 15:47:01.566444,10.139.37.194,0.318182
2018-11-22 15:47:01.889202,10.228.192.210,0.313782
2018-11-22 15:47:01.990976,10.139.7.4,0.15
2018-11-22 15:47:02.034549,10.139.40.85,0.034708
2018-11-22 15:47:02.066805,10.139.40.122,0.017993
2018-11-22 15:47:02.111359,10.138.25.67,0.028704
2018-11-22 15:47:02.158617,10.138.57.2,0.0314
2018-11-22 15:47:02.265911,10.139.17.4,0.092885
2018-11-22 15:47:02.485626,10.138.85.130,0.195482
2018-11-22 15:47:02.528817,10.138.120.66,0.028918
2018-11-22 15:47:03.425994,10.140.93.35,0.882496
2018-11-22 15:47:04.667571,10.228.193.210,0.15
2018-11-22 15:49:15.750208,10.228.204.9,0.15
2018-11-22 15:49:01.239037,10.139.39.98,0.15
2018-11-22 15:49:01.557589,10.139.37.194,0.303511
2018-11-22 15:49:01.854359,10.228.192.210,0.287482
2018-11-22 15:49:01.947683,10.139.7.4,0.15
2018-11-22 15:49:01.979364,10.139.40.85,0.023702
2018-11-22 15:49:02.006009,10.139.40.122,0.017781
2018-11-22 15:49:02.046502,10.138.25.67,0.028308
2018-11-22 15:49:02.090344,10.138.57.2,0.029063
2018-11-22 15:49:02.190365,10.139.17.4,0.071882
2018-11-22 15:49:02.489043,10.138.85.130,0.284908
2018-11-22 15:49:02.534464,10.138.120.66,0.030356
2018-11-22 15:49:03.433012,10.140.93.35,0.883851
2018-11-22 15:49:06.436666,10.228.193.210,0.15
2018-11-22 15:51:16.582570,10.228.204.9,0.15
2018-11-22 15:51:01.248426,10.139.39.98,0.15
2018-11-22 15:51:01.567703,10.139.37.194,0.303423
2018-11-22 15:51:01.871591,10.228.192.210,0.286901
2018-11-22 15:51:01.927564,10.139.7.4,0.15
2018-11-22 15:51:01.971269,10.139.40.85,0.035276
2018-11-22 15:51:02.000835,10.139.40.122,0.017319
2018-11-22 15:51:02.035125,10.138.25.67,0.026458
2018-11-22 15:51:02.092470,10.138.57.2,0.029829
2018-11-22 15:51:02.182082,10.139.17.4,0.075878
2018-11-22 15:51:02.438401,10.138.85.130,0.240153
2018-11-22 15:51:02.483260,10.138.120.66,0.029513
2018-11-22 15:51:03.384868,10.140.93.35,0.885026
2018-11-22 15:51:05.505971,10.228.193.210,0.15
2018-11-22 15:53:15.366266,10.228.204.9,0.15
2018-11-22 15:53:01.269332,10.139.39.98,0.15
2018-11-22 15:53:01.584387,10.139.37.194,0.301024
2018-11-22 15:53:01.874752,10.228.192.210,0.275956
2018-11-22 15:53:02.018776,10.139.7.4,0.15
2018-11-22 15:53:02.057807,10.139.40.85,0.024762
2018-11-22 15:53:02.090699,10.139.40.122,0.017915
2018-11-22 15:53:02.154537,10.138.25.67,0.048491
2018-11-22 15:53:02.198312,10.138.57.2,0.028873
2018-11-22 15:53:02.297031,10.139.17.4,0.083941
2018-11-22 15:53:02.521570,10.138.85.130,0.20457
2018-11-22 15:53:02.568118,10.138.120.66,0.032491
2018-11-22 15:53:03.456652,10.140.93.35,0.873514
2018-11-22 15:53:03.909386,10.228.193.210,0.15
2018-11-22 15:55:14.150212,10.228.204.9,0.15
2018-11-22 15:55:01.267467,10.139.39.98,0.15
2018-11-22 15:55:01.590878,10.139.37.194,0.306673
2018-11-22 15:55:01.882737,10.228.192.210,0.282388
2018-11-22 15:55:01.965046,10.139.7.4,0.15
2018-11-22 15:55:01.996967,10.139.40.85,0.023403
2018-11-22 15:55:02.031836,10.139.40.122,0.017153
2018-11-22 15:55:02.078447,10.138.25.67,0.032603
2018-11-22 15:55:02.121109,10.138.57.2,0.028023
2018-11-22 15:55:02.254445,10.139.17.4,0.11147
2018-11-22 15:55:02.600142,10.138.85.130,0.331268
2018-11-22 15:55:02.643576,10.138.120.66,0.02862
2018-11-22 15:55:03.541064,10.140.93.35,0.882744
2018-11-22 15:55:05.699226,10.228.193.210,0.15
2018-11-22 15:57:14.982008,10.228.204.9,0.15
2018-11-22 15:57:01.282926,10.139.39.98,0.15
2018-11-22 15:57:01.612841,10.139.37.194,0.308871
2018-11-22 15:57:01.909572,10.228.192.210,0.287177
2018-11-22 15:57:01.985890,10.139.7.4,0.15
2018-11-22 15:57:02.018776,10.139.40.85,0.023872
2018-11-22 15:57:02.051598,10.139.40.122,0.018327
2018-11-22 15:57:02.098793,10.138.25.67,0.032275
2018-11-22 15:57:02.154651,10.138.57.2,0.028798
2018-11-22 15:57:02.249501,10.139.17.4,0.079608
2018-11-22 15:57:02.500842,10.138.85.130,0.234144
2018-11-22 15:57:02.545708,10.138.120.66,0.02919
2018-11-22 15:57:03.451542,10.140.93.35,0.890235
2018-11-22 15:57:05.169770,10.228.193.210,0.15
2018-11-22 15:59:15.814922,10.228.204.9,0.15
2018-11-22 15:59:01.285351,10.139.39.98,0.15
2018-11-22 15:59:01.638673,10.139.37.194,0.33743
2018-11-22 15:59:01.943474,10.228.192.210,0.289499
2018-11-22 15:59:02.038167,10.139.7.4,0.15
2018-11-22 15:59:02.077334,10.139.40.85,0.023655
2018-11-22 15:59:02.109158,10.139.40.122,0.017214
2018-11-22 15:59:02.151723,10.138.25.67,0.027773
2018-11-22 15:59:04.069223,10.138.57.2,1.902925
2018-11-22 15:59:04.155362,10.139.17.4,0.071029
2018-11-22 15:59:04.419618,10.138.85.130,0.248281
2018-11-22 15:59:04.472665,10.138.120.66,0.028061
2018-11-22 15:59:05.377649,10.140.93.35,0.890926
2018-11-22 15:59:07.780505,10.228.193.210,0.15
2018-11-22 16:01:18.695167,10.228.204.9,0.15
2018-11-22 16:01:01.310361,10.139.39.98,0.15
2018-11-22 16:01:01.892310,10.139.37.194,0.565869
2018-11-22 16:01:02.182137,10.228.192.210,0.274263
2018-11-22 16:01:02.259615,10.139.7.4,0.15
2018-11-22 16:01:02.301548,10.139.40.85,0.024471
2018-11-22 16:01:02.334250,10.139.40.122,0.01804
2018-11-22 16:01:02.380908,10.138.25.67,0.032314
2018-11-22 16:01:02.425410,10.138.57.2,0.029054
2018-11-22 16:01:02.515091,10.139.17.4,0.074653
2018-11-22 16:01:02.774483,10.138.85.130,0.243374
2018-11-22 16:01:02.820868,10.138.120.66,0.032304
2018-11-22 16:01:03.745860,10.140.93.35,0.881666
2018-11-22 16:01:09.280543,10.228.193.210,0.15
2018-11-22 16:03:19.527099,10.228.204.9,0.15
2018-11-22 16:03:01.310144,10.139.39.98,0.15
2018-11-22 16:03:01.634871,10.139.37.194,0.308629
2018-11-22 16:03:01.925094,10.228.192.210,0.281322
2018-11-22 16:03:02.015017,10.139.7.4,0.15
2018-11-22 16:03:02.059716,10.139.40.85,0.024699
2018-11-22 16:03:02.092656,10.139.40.122,0.018686
2018-11-22 16:03:02.137323,10.138.25.67,0.029349
2018-11-22 16:03:02.185036,10.138.57.2,0.032297
2018-11-22 16:03:02.267468,10.139.17.4,0.06768
2018-11-22 16:03:02.508911,10.138.85.130,0.225656
2018-11-22 16:03:02.553462,10.138.120.66,0.02932
2018-11-22 16:03:03.457353,10.140.93.35,0.888892
2018-11-22 16:03:03.900586,10.228.193.210,0.15
2018-11-22 16:05:14.221103,10.228.204.9,0.15
2018-11-22 16:05:01.325386,10.139.39.98,0.15
2018-11-22 16:05:01.664530,10.139.37.194,0.322736
2018-11-22 16:05:01.967798,10.228.192.210,0.287771
2018-11-22 16:05:02.019314,10.139.7.4,0.15
2018-11-22 16:05:02.061011,10.139.40.85,0.026252
2018-11-22 16:05:02.104870,10.139.40.122,0.017381
2018-11-22 16:05:02.158913,10.138.25.67,0.032476
2018-11-22 16:05:02.201582,10.138.57.2,0.028891
2018-11-22 16:05:02.289088,10.139.17.4,0.072778
2018-11-22 16:05:02.576940,10.138.85.130,0.259891
2018-11-22 16:05:02.627103,10.138.120.66,0.036022
2018-11-22 16:05:03.529960,10.140.93.35,0.88551
2018-11-22 16:05:06.570892,10.228.193.210,0.15
2018-11-22 16:07:17.094716,10.228.204.9,0.15
2018-11-22 16:07:01.330044,10.139.39.98,0.15
2018-11-22 16:07:01.651898,10.139.37.194,0.306155
2018-11-22 16:07:01.952929,10.228.192.210,0.285966
2018-11-22 16:07:02.015025,10.139.7.4,0.15
2018-11-22 16:07:02.065901,10.139.40.85,0.024661
2018-11-22 16:07:02.097370,10.139.40.122,0.018003
2018-11-22 16:07:02.140765,10.138.25.67,0.028501
2018-11-22 16:07:02.184715,10.138.57.2,0.028513
2018-11-22 16:07:02.708458,10.139.17.4,0.508804
2018-11-22 16:07:03.024073,10.138.85.130,0.300451
2018-11-22 16:07:03.067177,10.138.120.66,0.028311
2018-11-22 16:07:04.008665,10.140.93.35,0.925603
2018-11-22 16:07:04.381415,10.228.193.210,0.15
2018-11-22 16:09:13.830145,10.228.204.9,0.15
2018-11-22 16:09:01.335866,10.139.39.98,0.15
2018-11-22 16:09:01.653630,10.139.37.194,0.301202
2018-11-22 16:09:01.942327,10.228.192.210,0.280084
2018-11-22 16:09:02.005201,10.139.7.4,0.15
2018-11-22 16:09:02.042124,10.139.40.85,0.027575
2018-11-22 16:09:02.075973,10.139.40.122,0.017469
2018-11-22 16:09:02.123625,10.138.25.67,0.032835
2018-11-22 16:09:02.166301,10.138.57.2,0.028048
2018-11-22 16:09:02.288884,10.139.17.4,0.107575
2018-11-22 16:09:02.506878,10.138.85.130,0.20328
2018-11-22 16:09:02.551424,10.138.120.66,0.028436
2018-11-22 16:09:03.458490,10.140.93.35,0.881334
2018-11-22 16:09:03.921497,10.228.193.210,0.15
2018-11-22 16:11:14.662911,10.228.204.9,0.15
2018-11-22 16:11:01.348103,10.139.39.98,0.15
2018-11-22 16:11:01.665463,10.139.37.194,0.301388
2018-11-22 16:11:01.957210,10.228.192.210,0.28314
2018-11-22 16:11:02.001990,10.139.7.4,0.15
2018-11-22 16:11:02.033988,10.139.40.85,0.024017
2018-11-22 16:11:02.066838,10.139.40.122,0.017636
2018-11-22 16:11:02.109452,10.138.25.67,0.028207
2018-11-22 16:11:02.165691,10.138.57.2,0.031821
2018-11-22 16:11:02.269543,10.139.17.4,0.077525
2018-11-22 16:11:02.488813,10.138.85.130,0.205523
2018-11-22 16:11:02.533007,10.138.120.66,0.029556
2018-11-22 16:11:03.436167,10.140.93.35,0.887991
2018-11-22 16:11:04.871537,10.228.193.210,0.15
2018-11-22 16:13:15.495060,10.228.204.9,0.15
2018-11-22 16:13:01.353744,10.139.39.98,0.15
2018-11-22 16:13:01.679136,10.139.37.194,0.309845
2018-11-22 16:13:01.971256,10.228.192.210,0.281915
2018-11-22 16:13:02.053320,10.139.7.4,0.15
2018-11-22 16:13:02.109864,10.139.40.85,0.032671
2018-11-22 16:13:02.141589,10.139.40.122,0.018069
2018-11-22 16:13:02.186103,10.138.25.67,0.029765
2018-11-22 16:13:02.230740,10.138.57.2,0.029344
2018-11-22 16:13:02.317163,10.139.17.4,0.072148
2018-11-22 16:13:02.548119,10.138.85.130,0.208697
2018-11-22 16:13:02.591529,10.138.120.66,0.029162
2018-11-22 16:13:03.500250,10.140.93.35,0.887968
2018-11-22 16:13:05.171862,10.228.193.210,0.15
2018-11-22 16:15:16.328201,10.228.204.9,0.15
2018-11-22 16:15:01.384056,10.139.39.98,0.15
2018-11-22 16:15:01.719761,10.139.37.194,0.321403
2018-11-22 16:15:02.016981,10.228.192.210,0.287997
2018-11-22 16:15:02.074708,10.139.7.4,0.15
2018-11-22 16:15:02.113296,10.139.40.85,0.024337
2018-11-22 16:15:02.148006,10.139.40.122,0.018183
2018-11-22 16:15:02.196161,10.138.25.67,0.033024
2018-11-22 16:15:02.241163,10.138.57.2,0.029671
2018-11-22 16:15:02.356507,10.139.17.4,0.100649
2018-11-22 16:15:02.605202,10.138.85.130,0.233359
2018-11-22 16:15:02.648622,10.138.120.66,0.028365
2018-11-22 16:15:03.549166,10.140.93.35,0.885727
2018-11-22 16:15:04.624133,10.228.193.210,0.15
2018-11-22 16:17:15.110723,10.228.204.9,0.15
2018-11-22 16:17:01.380216,10.139.39.98,0.15
2018-11-22 16:17:01.719566,10.139.37.194,0.323881
2018-11-22 16:17:02.016268,10.228.192.210,0.287457
2018-11-22 16:17:02.065454,10.139.7.4,0.15
2018-11-22 16:17:02.104192,10.139.40.85,0.024754
2018-11-22 16:17:02.143124,10.139.40.122,0.018769
2018-11-22 16:17:02.186343,10.138.25.67,0.029212
2018-11-22 16:17:02.234411,10.138.57.2,0.033316
2018-11-22 16:17:02.322640,10.139.17.4,0.073583
2018-11-22 16:17:02.539599,10.138.85.130,0.202387
2018-11-22 16:17:02.583175,10.138.120.66,0.028573
2018-11-22 16:17:03.489294,10.140.93.35,0.889937
2018-11-22 16:17:06.533200,10.228.193.210,0.15
2018-11-22 16:19:15.949525,10.228.204.9,0.15
2018-11-22 16:19:01.390586,10.139.39.98,0.15
2018-11-22 16:19:01.747615,10.139.37.194,0.329927
2018-11-22 16:19:02.050936,10.228.192.210,0.288884
2018-11-22 16:19:02.136351,10.139.7.4,0.15
2018-11-22 16:19:02.176338,10.139.40.85,0.026071
2018-11-22 16:19:02.216113,10.139.40.122,0.01807
2018-11-22 16:19:02.739960,10.138.25.67,0.509881
2018-11-22 16:19:02.782954,10.138.57.2,0.027739
2018-11-22 16:19:02.894443,10.139.17.4,0.088822
2018-11-22 16:19:03.086618,10.138.85.130,0.178531
2018-11-22 16:19:03.135107,10.138.120.66,0.029095
2018-11-22 16:19:04.039175,10.140.93.35,0.890215
2018-11-22 16:19:07.075809,10.228.193.210,0.15
2018-11-22 16:21:16.774303,10.228.204.9,0.15
2018-11-22 16:21:01.402417,10.139.39.98,0.15
2018-11-22 16:21:01.743118,10.139.37.194,0.325029
2018-11-22 16:21:02.031657,10.228.192.210,0.278852
2018-11-22 16:21:02.085647,10.139.7.4,0.15
2018-11-22 16:21:02.130468,10.139.40.85,0.031358
2018-11-22 16:21:02.164205,10.139.40.122,0.01859
2018-11-22 16:21:02.217303,10.138.25.67,0.038453
2018-11-22 16:21:02.264340,10.138.57.2,0.032251
2018-11-22 16:21:02.378548,10.139.17.4,0.091859
2018-11-22 16:21:02.617544,10.138.85.130,0.224971
2018-11-22 16:21:02.668897,10.138.120.66,0.028074
2018-11-22 16:21:03.563538,10.140.93.35,0.880924
2018-11-22 16:21:03.725916,10.228.193.210,0.15
2018-11-22 16:23:13.518882,10.228.204.9,0.15
2018-11-22 16:23:01.410432,10.139.39.98,0.15
2018-11-22 16:23:01.750509,10.139.37.194,0.324794
2018-11-22 16:23:02.038246,10.228.192.210,0.278299
2018-11-22 16:23:02.089803,10.139.7.4,0.15
2018-11-22 16:23:02.132656,10.139.40.85,0.028258
2018-11-22 16:23:02.165896,10.139.40.122,0.018607
2018-11-22 16:23:02.500204,10.138.25.67,0.319791
2018-11-22 16:23:02.543940,10.138.57.2,0.028563
2018-11-22 16:23:02.641081,10.139.17.4,0.073971
2018-11-22 16:23:02.873199,10.138.85.130,0.218204
2018-11-22 16:23:02.914260,10.138.120.66,0.026457
2018-11-22 16:23:03.823309,10.140.93.35,0.894052
2018-11-22 16:23:04.410960,10.228.193.210,0.15
2018-11-22 16:25:14.344000,10.228.204.9,0.15
2018-11-22 16:25:01.415760,10.139.39.98,0.15
2018-11-22 16:25:01.759898,10.139.37.194,0.319678
2018-11-22 16:25:02.056451,10.228.192.210,0.287059
2018-11-22 16:25:02.114736,10.139.7.4,0.15
2018-11-22 16:25:02.155648,10.139.40.85,0.025078
2018-11-22 16:25:02.188270,10.139.40.122,0.017738
2018-11-22 16:25:02.231300,10.138.25.67,0.028303
2018-11-22 16:25:02.273307,10.138.57.2,0.026284
2018-11-22 16:25:02.417730,10.139.17.4,0.129672
2018-11-22 16:25:02.718901,10.138.85.130,0.286303
2018-11-22 16:25:02.765200,10.138.120.66,0.030555
2018-11-22 16:25:03.681451,10.140.93.35,0.891956
2018-11-22 16:25:04.076947,10.228.193.210,0.15
2018-11-22 16:27:15.174723,10.228.204.9,0.15
2018-11-22 16:27:01.422244,10.139.39.98,0.15
2018-11-22 16:27:01.766817,10.139.37.194,0.322274
2018-11-22 16:27:02.060947,10.228.192.210,0.285291
2018-11-22 16:27:02.112372,10.139.7.4,0.15
2018-11-22 16:27:02.151337,10.139.40.85,0.024951
2018-11-22 16:27:02.185832,10.139.40.122,0.019187
2018-11-22 16:27:02.230245,10.138.25.67,0.028702
2018-11-22 16:27:02.273873,10.138.57.2,0.028237
2018-11-22 16:27:02.361619,10.139.17.4,0.072347
2018-11-22 16:27:02.541753,10.138.85.130,0.164718
2018-11-22 16:27:02.592112,10.138.120.66,0.028542
2018-11-22 16:27:03.485635,10.140.93.35,0.879527
2018-11-22 16:27:04.805311,10.228.193.210,0.15
2018-11-22 16:29:16.006220,10.228.204.9,0.15
2018-11-22 16:29:01.431335,10.139.39.98,0.15
2018-11-22 16:29:01.781921,10.139.37.194,0.334177
2018-11-22 16:29:02.074786,10.228.192.210,0.283336
2018-11-22 16:29:02.135287,10.139.7.4,0.15
2018-11-22 16:29:02.187499,10.139.40.85,0.026376
2018-11-22 16:29:02.220473,10.139.40.122,0.018583
2018-11-22 16:29:02.264328,10.138.25.67,0.028772
2018-11-22 16:29:02.308592,10.138.57.2,0.028817
2018-11-22 16:29:02.403417,10.139.17.4,0.079653
2018-11-22 16:29:03.029547,10.138.85.130,0.609312
2018-11-22 16:29:03.073485,10.138.120.66,0.028142
2018-11-22 16:29:03.981650,10.140.93.35,0.885856
2018-11-22 16:29:06.829209,10.228.193.210,0.15
2018-11-22 16:31:16.838518,10.228.204.9,0.15
2018-11-22 16:31:01.454205,10.139.39.98,0.15
2018-11-22 16:31:01.809407,10.139.37.194,0.339449
2018-11-22 16:31:02.104659,10.228.192.210,0.279834
2018-11-22 16:31:02.162022,10.139.7.4,0.15
2018-11-22 16:31:02.200704,10.139.40.85,0.024603
2018-11-22 16:31:02.244788,10.139.40.122,0.018108
2018-11-22 16:31:02.292277,10.138.25.67,0.033544
2018-11-22 16:31:02.337632,10.138.57.2,0.029799
2018-11-22 16:31:02.427124,10.139.17.4,0.070603
2018-11-22 16:31:02.696026,10.138.85.130,0.254606
2018-11-22 16:31:02.737427,10.138.120.66,0.025896
2018-11-22 16:31:03.634092,10.140.93.35,0.881463
2018-11-22 16:31:06.678840,10.228.193.210,0.15
2018-11-22 16:33:17.670199,10.228.204.9,0.15
2018-11-22 16:33:01.453442,10.139.39.98,0.15
2018-11-22 16:33:01.807159,10.139.37.194,0.33825
2018-11-22 16:33:02.095772,10.228.192.210,0.278546
2018-11-22 16:33:02.157317,10.139.7.4,0.15
2018-11-22 16:33:02.196120,10.139.40.85,0.025584
2018-11-22 16:33:02.228994,10.139.40.122,0.017772
2018-11-22 16:33:02.272150,10.138.25.67,0.028299
2018-11-22 16:33:02.315245,10.138.57.2,0.02838
2018-11-22 16:33:02.490845,10.139.17.4,0.1602
2018-11-22 16:33:02.829424,10.138.85.130,0.322276
2018-11-22 16:33:02.873586,10.138.120.66,0.029147
2018-11-22 16:33:03.771914,10.140.93.35,0.881584
2018-11-22 16:33:04.288084,10.228.193.210,0.15
2018-11-22 16:35:14.406292,10.228.204.9,0.15
2018-11-22 16:35:01.464903,10.139.39.98,0.15
2018-11-22 16:35:01.830696,10.139.37.194,0.330598
2018-11-22 16:35:02.122608,10.228.192.210,0.282425
2018-11-22 16:35:02.178936,10.139.7.4,0.15
2018-11-22 16:35:02.218173,10.139.40.85,0.024453
2018-11-22 16:35:02.251148,10.139.40.122,0.017304
2018-11-22 16:35:02.296707,10.138.25.67,0.029231
2018-11-22 16:35:02.337704,10.138.57.2,0.026428
2018-11-22 16:35:02.427246,10.139.17.4,0.074891
2018-11-22 16:35:02.633344,10.138.85.130,0.189518
2018-11-22 16:35:02.677318,10.138.120.66,0.028956
2018-11-22 16:35:03.568694,10.140.93.35,0.875565
2018-11-22 16:35:05.484904,10.228.193.210,0.15
2018-11-22 16:37:15.238306,10.228.204.9,0.15
2018-11-22 16:37:01.495164,10.139.39.98,0.15
2018-11-22 16:37:01.833127,10.139.37.194,0.322395
2018-11-22 16:37:02.124498,10.228.192.210,0.281796
2018-11-22 16:37:02.182724,10.139.7.4,0.15
2018-11-22 16:37:02.222821,10.139.40.85,0.025392
2018-11-22 16:37:02.255362,10.139.40.122,0.018227
2018-11-22 16:37:02.300817,10.138.25.67,0.029054
2018-11-22 16:37:02.344626,10.138.57.2,0.028645
2018-11-22 16:37:02.448341,10.139.17.4,0.0889
2018-11-22 16:37:02.616996,10.138.85.130,0.153693
2018-11-22 16:37:02.661877,10.138.120.66,0.029798
2018-11-22 16:37:03.558217,10.140.93.35,0.879684
2018-11-22 16:37:05.379663,10.228.193.210,0.15
2018-11-22 16:39:16.070268,10.228.204.9,0.15
2018-11-22 16:39:01.493531,10.139.39.98,0.15
2018-11-22 16:39:01.840114,10.139.37.194,0.332165
2018-11-22 16:39:02.137116,10.228.192.210,0.28741
2018-11-22 16:39:02.214481,10.139.7.4,0.15
2018-11-22 16:39:02.253720,10.139.40.85,0.025448
2018-11-22 16:39:02.287293,10.139.40.122,0.018644
2018-11-22 16:39:02.332566,10.138.25.67,0.028727
2018-11-22 16:39:02.381116,10.138.57.2,0.033728
2018-11-22 16:39:02.484433,10.139.17.4,0.088409
2018-11-22 16:39:02.675223,10.138.85.130,0.175907
2018-11-22 16:39:02.721194,10.138.120.66,0.028568
2018-11-22 16:39:03.642310,10.140.93.35,0.896019
2018-11-22 16:39:04.530383,10.228.193.210,0.15
2018-11-22 16:41:14.860336,10.228.204.9,0.15
2018-11-22 16:41:01.493874,10.139.39.98,0.15
2018-11-22 16:41:01.842825,10.139.37.194,0.32481
2018-11-22 16:41:02.137083,10.228.192.210,0.285109
2018-11-22 16:41:02.244412,10.139.7.4,0.15
2018-11-22 16:41:02.291534,10.139.40.85,0.025108
2018-11-22 16:41:02.323852,10.139.40.122,0.01803
2018-11-22 16:41:02.368539,10.138.25.67,0.029328
2018-11-22 16:41:02.410092,10.138.57.2,0.026408
2018-11-22 16:41:02.522365,10.139.17.4,0.096751
2018-11-22 16:41:02.747976,10.138.85.130,0.197335
2018-11-22 16:41:02.795739,10.138.120.66,0.02921
2018-11-22 16:41:03.707675,10.140.93.35,0.898382
2018-11-22 16:41:04.140207,10.228.193.210,0.15
2018-11-22 16:43:13.648100,10.228.204.9,0.15
2018-11-22 16:43:01.506891,10.139.39.98,0.15
2018-11-22 16:43:01.859804,10.139.37.194,0.337657
2018-11-22 16:43:02.156709,10.228.192.210,0.287347
2018-11-22 16:43:02.264222,10.139.7.4,0.15
2018-11-22 16:43:02.301989,10.139.40.85,0.023733
2018-11-22 16:43:02.334691,10.139.40.122,0.017646
2018-11-22 16:43:02.378765,10.138.25.67,0.028377
2018-11-22 16:43:02.422897,10.138.57.2,0.028736
2018-11-22 16:43:02.514803,10.139.17.4,0.076349
2018-11-22 16:43:02.729708,10.138.85.130,0.199444
2018-11-22 16:43:02.773374,10.138.120.66,0.028138
2018-11-22 16:43:03.676932,10.140.93.35,0.888304
2018-11-22 16:43:12.341827,10.228.193.210,0.15
2018-11-22 16:45:22.662357,10.228.204.9,0.15
2018-11-22 16:45:01.512195,10.139.39.98,0.15
2018-11-22 16:45:01.857075,10.139.37.194,0.329049
2018-11-22 16:45:02.144896,10.228.192.210,0.277919
2018-11-22 16:45:02.222942,10.139.7.4,0.15
2018-11-22 16:45:02.261656,10.139.40.85,0.023788
2018-11-22 16:45:02.294657,10.139.40.122,0.017971
2018-11-22 16:45:02.338551,10.138.25.67,0.028463
2018-11-22 16:45:02.386974,10.138.57.2,0.033955
2018-11-22 16:45:02.501653,10.139.17.4,0.099261
2018-11-22 16:45:02.716557,10.138.85.130,0.189545
2018-11-22 16:45:02.763864,10.138.120.66,0.032443
2018-11-22 16:45:03.648396,10.140.93.35,0.869595
2018-11-22 16:45:05.231365,10.228.193.210,0.15
2018-11-22 16:47:15.302258,10.228.204.9,0.15
2018-11-22 16:47:01.536272,10.139.39.98,0.15
2018-11-22 16:47:01.871219,10.139.37.194,0.325203
2018-11-22 16:47:02.176985,10.228.192.210,0.289591
2018-11-22 16:47:02.240458,10.139.7.4,0.15
2018-11-22 16:47:02.280138,10.139.40.85,0.025583
2018-11-22 16:47:02.313227,10.139.40.122,0.017956
2018-11-22 16:47:02.356086,10.138.25.67,0.028117
2018-11-22 16:47:02.399595,10.138.57.2,0.028594
2018-11-22 16:47:02.498693,10.139.17.4,0.084762
2018-11-22 16:47:02.735079,10.138.85.130,0.220707
2018-11-22 16:47:02.780039,10.138.120.66,0.028532
2018-11-22 16:47:03.678010,10.140.93.35,0.882677
2018-11-22 16:47:04.271156,10.228.193.210,0.15
2018-11-22 16:49:14.086435,10.228.204.9,0.15
2018-11-22 16:49:01.532281,10.139.39.98,0.15
2018-11-22 16:49:01.865441,10.139.37.194,0.323176
2018-11-22 16:49:02.161417,10.228.192.210,0.286294
2018-11-22 16:49:02.223612,10.139.7.4,0.15
2018-11-22 16:49:02.269091,10.139.40.85,0.031519
2018-11-22 16:49:02.302719,10.139.40.122,0.018611
2018-11-22 16:49:02.346212,10.138.25.67,0.029158
2018-11-22 16:49:02.390421,10.138.57.2,0.029038
2018-11-22 16:49:02.516532,10.139.17.4,0.111703
2018-11-22 16:49:02.716602,10.138.85.130,0.184905
2018-11-22 16:49:02.761238,10.138.120.66,0.029105
2018-11-22 16:49:03.656977,10.140.93.35,0.880592
2018-11-22 16:49:03.801073,10.228.193.210,0.15
2018-11-22 16:51:14.918236,10.228.204.9,0.15
2018-11-22 16:51:01.537924,10.139.39.98,0.15
2018-11-22 16:51:01.889142,10.139.37.194,0.332125
2018-11-22 16:51:02.177863,10.228.192.210,0.27936
2018-11-22 16:51:02.233110,10.139.7.4,0.15
2018-11-22 16:51:02.286945,10.139.40.85,0.033815
2018-11-22 16:51:02.318931,10.139.40.122,0.01795
2018-11-22 16:51:02.373070,10.138.25.67,0.028545
2018-11-22 16:51:02.423566,10.138.57.2,0.029514
2018-11-22 16:51:02.536621,10.139.17.4,0.092627
2018-11-22 16:51:02.756206,10.138.85.130,0.20601
2018-11-22 16:51:02.806196,10.138.120.66,0.030837
2018-11-22 16:51:03.694566,10.140.93.35,0.874453
2018-11-22 16:51:04.862649,10.228.193.210,0.15
2018-11-22 16:53:15.759404,10.228.204.9,0.15
2018-11-22 16:53:01.545395,10.139.39.98,0.15
2018-11-22 16:53:01.883601,10.139.37.194,0.328715
2018-11-22 16:53:02.171888,10.228.192.210,0.277534
2018-11-22 16:53:02.236065,10.139.7.4,0.15
2018-11-22 16:53:02.283178,10.139.40.85,0.032657
2018-11-22 16:53:02.320738,10.139.40.122,0.021522
2018-11-22 16:53:02.371474,10.138.25.67,0.024998
2018-11-22 16:53:02.415297,10.138.57.2,0.029832
2018-11-22 16:53:02.506203,10.139.17.4,0.074911
2018-11-22 16:53:02.693860,10.138.85.130,0.172725
2018-11-22 16:53:02.738511,10.138.120.66,0.029087
2018-11-22 16:53:03.668427,10.140.93.35,0.915379
2018-11-22 16:53:04.611934,10.228.193.210,0.15
2018-11-22 16:55:14.536198,10.228.204.9,0.15
2018-11-22 16:55:01.556187,10.139.39.98,0.15
2018-11-22 16:55:01.910587,10.139.37.194,0.337678
2018-11-22 16:55:02.208310,10.228.192.210,0.282625
2018-11-22 16:55:02.275078,10.139.7.4,0.15
2018-11-22 16:55:02.315022,10.139.40.85,0.024173
2018-11-22 16:55:02.361388,10.139.40.122,0.017709
2018-11-22 16:55:02.403253,10.138.25.67,0.028312
2018-11-22 16:55:02.448060,10.138.57.2,0.028775
2018-11-22 16:55:02.551586,10.139.17.4,0.081804
2018-11-22 16:55:02.775609,10.138.85.130,0.210323
2018-11-22 16:55:02.820792,10.138.120.66,0.029938
2018-11-22 16:55:03.744363,10.140.93.35,0.908529
2018-11-22 16:55:05.473973,10.228.193.210,0.15
2018-11-22 16:57:15.366204,10.228.204.9,0.15
2018-11-22 16:57:01.564230,10.139.39.98,0.15
2018-11-22 16:57:01.911100,10.139.37.194,0.331392
2018-11-22 16:57:02.216982,10.228.192.210,0.289726
2018-11-22 16:57:02.281464,10.139.7.4,0.15
2018-11-22 16:57:02.319921,10.139.40.85,0.02502
2018-11-22 16:57:02.353000,10.139.40.122,0.01746
2018-11-22 16:57:02.405735,10.138.25.67,0.02936
2018-11-22 16:57:02.453233,10.138.57.2,0.028498
2018-11-22 16:57:02.548303,10.139.17.4,0.080401
2018-11-22 16:57:02.804890,10.138.85.130,0.241823
2018-11-22 16:57:02.847698,10.138.120.66,0.028097
2018-11-22 16:57:03.745218,10.140.93.35,0.881549
2018-11-22 16:57:04.213517,10.228.193.210,0.15
2018-11-22 16:59:14.150744,10.228.204.9,0.15
2018-11-22 16:59:01.582012,10.139.39.98,0.15
2018-11-22 16:59:01.926121,10.139.37.194,0.329704
2018-11-22 16:59:02.216661,10.228.192.210,0.280961
2018-11-22 16:59:02.268210,10.139.7.4,0.15
2018-11-22 16:59:02.307258,10.139.40.85,0.024833
2018-11-22 16:59:02.340549,10.139.40.122,0.018084
2018-11-22 16:59:02.383795,10.138.25.67,0.028429
2018-11-22 16:59:02.425259,10.138.57.2,0.025266
2018-11-22 16:59:02.525798,10.139.17.4,0.085346
2018-11-22 16:59:02.724718,10.138.85.130,0.183726
2018-11-22 16:59:02.768573,10.138.120.66,0.028552
2018-11-22 16:59:03.661687,10.140.93.35,0.878094
2018-11-22 16:59:04.163524,10.228.193.210,0.15
2018-11-22 17:01:14.982131,10.228.204.9,0.15
2018-11-22 17:01:01.579320,10.139.39.98,0.15
2018-11-22 17:01:01.918648,10.139.37.194,0.329314
2018-11-22 17:01:02.206504,10.228.192.210,0.278269
2018-11-22 17:01:02.272018,10.139.7.4,0.15
2018-11-22 17:01:02.323270,10.139.40.85,0.024121
2018-11-22 17:01:02.357067,10.139.40.122,0.019615
2018-11-22 17:01:02.396918,10.138.25.67,0.024716
2018-11-22 17:01:02.439820,10.138.57.2,0.028094
2018-11-22 17:01:02.555670,10.139.17.4,0.092575
2018-11-22 17:01:02.811079,10.138.85.130,0.240628
2018-11-22 17:01:02.857825,10.138.120.66,0.029446
2018-11-22 17:01:03.754452,10.140.93.35,0.882025
2018-11-22 17:01:05.684356,10.228.193.210,0.15
2018-11-22 17:03:15.814655,10.228.204.9,0.15
2018-11-22 17:03:01.585688,10.139.39.98,0.15
2018-11-22 17:03:01.912885,10.139.37.194,0.317462
2018-11-22 17:03:02.204137,10.228.192.210,0.281894
2018-11-22 17:03:02.258694,10.139.7.4,0.15
2018-11-22 17:03:02.298126,10.139.40.85,0.025003
2018-11-22 17:03:02.340206,10.139.40.122,0.017602
2018-11-22 17:03:02.382468,10.138.25.67,0.028045
2018-11-22 17:03:02.427129,10.138.57.2,0.029058
2018-11-22 17:03:02.577281,10.139.17.4,0.134423
2018-11-22 17:03:02.793331,10.138.85.130,0.201113
2018-11-22 17:03:02.836903,10.138.120.66,0.02842
2018-11-22 17:03:03.734609,10.140.93.35,0.882779
2018-11-22 17:03:04.574078,10.228.193.210,0.15
2018-11-22 17:05:14.598492,10.228.204.9,0.15
2018-11-22 17:05:01.603095,10.139.39.98,0.15
2018-11-22 17:05:02.049735,10.139.37.194,0.429632
2018-11-22 17:05:02.342152,10.228.192.210,0.275311
2018-11-22 17:05:02.403051,10.139.7.4,0.15
2018-11-22 17:05:02.443125,10.139.40.85,0.025399
2018-11-22 17:05:02.487650,10.139.40.122,0.01835
2018-11-22 17:05:02.532030,10.138.25.67,0.030563
2018-11-22 17:05:02.577684,10.138.57.2,0.029792
2018-11-22 17:05:02.720687,10.139.17.4,0.120962
2018-11-22 17:05:02.983909,10.138.85.130,0.241612
2018-11-22 17:05:03.027340,10.138.120.66,0.029009
2018-11-22 17:05:03.914772,10.140.93.35,0.870975
2018-11-22 17:05:06.606562,10.228.193.210,0.15
2018-11-22 17:07:17.478224,10.228.204.9,0.15
2018-11-22 17:07:01.607638,10.139.39.98,0.15
2018-11-22 17:07:01.944142,10.139.37.194,0.326441
2018-11-22 17:07:02.226843,10.228.192.210,0.27328
2018-11-22 17:07:02.277220,10.139.7.4,0.15
2018-11-22 17:07:02.316511,10.139.40.85,0.024956
2018-11-22 17:07:02.349951,10.139.40.122,0.018393
2018-11-22 17:07:02.393055,10.138.25.67,0.028459
2018-11-22 17:07:02.436654,10.138.57.2,0.028948
2018-11-22 17:07:02.542812,10.139.17.4,0.091407
2018-11-22 17:07:02.739665,10.138.85.130,0.181398
2018-11-22 17:07:02.784623,10.138.120.66,0.029362
2018-11-22 17:07:03.672006,10.140.93.35,0.872537
2018-11-22 17:07:04.423969,10.228.193.210,0.15
2018-11-22 17:09:14.216078,10.228.204.9,0.15
2018-11-22 17:09:01.617299,10.139.39.98,0.15
2018-11-22 17:09:01.977419,10.139.37.194,0.344315
2018-11-22 17:09:02.282247,10.228.192.210,0.289343
2018-11-22 17:09:02.372430,10.139.7.4,0.15
2018-11-22 17:09:02.414467,10.139.40.85,0.028552
2018-11-22 17:09:02.448608,10.139.40.122,0.018902
2018-11-22 17:09:03.773752,10.138.25.67,1.309755
2018-11-22 17:09:03.819060,10.138.57.2,0.029231
2018-11-22 17:09:03.937808,10.139.17.4,0.104406
2018-11-22 17:09:04.167628,10.138.85.130,0.214361
2018-11-22 17:09:04.211205,10.138.120.66,0.028621
2018-11-22 17:09:05.105190,10.140.93.35,0.877972
2018-11-22 17:09:07.784004,10.228.193.210,0.15
2018-11-22 17:11:17.097629,10.228.204.9,0.15
2018-11-22 17:11:01.625409,10.139.39.98,0.15
2018-11-22 17:11:01.960161,10.139.37.194,0.31879
2018-11-22 17:11:02.268640,10.228.192.210,0.286927
2018-11-22 17:11:02.381870,10.139.7.4,0.15
2018-11-22 17:11:02.429086,10.139.40.85,0.033198
2018-11-22 17:11:02.462267,10.139.40.122,0.018091
2018-11-22 17:11:02.506361,10.138.25.67,0.028962
2018-11-22 17:11:02.550014,10.138.57.2,0.028957
2018-11-22 17:11:02.661475,10.139.17.4,0.09683
2018-11-22 17:11:02.891595,10.138.85.130,0.214797
2018-11-22 17:11:02.937236,10.138.120.66,0.029624
2018-11-22 17:11:03.822660,10.140.93.35,0.870357
2018-11-22 17:11:04.692387,10.228.193.210,0.15
2018-11-22 17:13:15.878256,10.228.204.9,0.15
2018-11-22 17:13:01.623512,10.139.39.98,0.15
2018-11-22 17:13:01.955740,10.139.37.194,0.322026
2018-11-22 17:13:02.244035,10.228.192.210,0.277921
2018-11-22 17:13:02.347439,10.139.7.4,0.15
2018-11-22 17:13:02.389506,10.139.40.85,0.026363
2018-11-22 17:13:02.430006,10.139.40.122,0.017929
2018-11-22 17:13:02.472548,10.138.25.67,0.028855
2018-11-22 17:13:02.516583,10.138.57.2,0.02895
2018-11-22 17:13:02.621474,10.139.17.4,0.090119
2018-11-22 17:13:02.829178,10.138.85.130,0.192949
2018-11-22 17:13:02.874869,10.138.120.66,0.030267
2018-11-22 17:13:03.794298,10.140.93.35,0.893801
2018-11-22 17:13:03.879303,10.228.193.210,0.15
2018-11-22 17:15:14.664076,10.228.204.9,0.15
2018-11-22 17:15:01.627186,10.139.39.98,0.15
2018-11-22 17:15:01.987133,10.139.37.194,0.342146
2018-11-22 17:15:02.272226,10.228.192.210,0.275922
2018-11-22 17:15:02.446776,10.139.7.4,0.15
2018-11-22 17:15:02.497356,10.139.40.85,0.035339
2018-11-22 17:15:02.529752,10.139.40.122,0.017674
2018-11-22 17:15:02.572622,10.138.25.67,0.027992
2018-11-22 17:15:02.629679,10.138.57.2,0.03589
2018-11-22 17:15:02.714065,10.139.17.4,0.070347
2018-11-22 17:15:02.959822,10.138.85.130,0.230604
2018-11-22 17:15:03.003750,10.138.120.66,0.028756
2018-11-22 17:15:03.894580,10.140.93.35,0.875499
2018-11-22 17:15:04.362657,10.228.193.210,0.15
2018-11-22 17:17:15.494026,10.228.204.9,0.15
2018-11-22 17:17:01.631876,10.139.39.98,0.15
2018-11-22 17:17:01.977505,10.139.37.194,0.336284
2018-11-22 17:17:02.269217,10.228.192.210,0.282367
2018-11-22 17:17:02.326486,10.139.7.4,0.15
2018-11-22 17:17:02.365453,10.139.40.85,0.02538
2018-11-22 17:17:02.399863,10.139.40.122,0.018806
2018-11-22 17:17:02.442011,10.138.25.67,0.027727
2018-11-22 17:17:02.485139,10.138.57.2,0.028271
2018-11-22 17:17:02.608692,10.139.17.4,0.108749
2018-11-22 17:17:02.921043,10.138.85.130,0.297512
2018-11-22 17:17:02.969094,10.138.120.66,0.032779
2018-11-22 17:17:03.873208,10.140.93.35,0.887091
2018-11-22 17:17:06.323546,10.228.193.210,0.15
2018-11-22 17:19:16.327003,10.228.204.9,0.15
2018-11-22 17:19:01.641667,10.139.39.98,0.15
2018-11-22 17:19:01.979581,10.139.37.194,0.329615
2018-11-22 17:19:02.278987,10.228.192.210,0.283895
2018-11-22 17:19:02.346046,10.139.7.4,0.15
2018-11-22 17:19:02.384522,10.139.40.85,0.024499
2018-11-22 17:19:02.417520,10.139.40.122,0.017868
2018-11-22 17:19:03.436169,10.138.25.67,1.003312
2018-11-22 17:19:03.480576,10.138.57.2,0.02875
2018-11-22 17:19:03.597182,10.139.17.4,0.101922
2018-11-22 17:19:03.901089,10.138.85.130,0.289247
2018-11-22 17:19:03.945832,10.138.120.66,0.030125
2018-11-22 17:19:04.851885,10.140.93.35,0.891179
2018-11-22 17:19:07.643788,10.228.193.210,0.15
2018-11-22 17:21:17.158294,10.228.204.9,0.15
2018-11-22 17:21:01.643024,10.139.39.98,0.15
2018-11-22 17:21:01.976984,10.139.37.194,0.324568
2018-11-22 17:21:02.266241,10.228.192.210,0.277649
2018-11-22 17:21:02.332806,10.139.7.4,0.15
2018-11-22 17:21:02.384177,10.139.40.85,0.037355
2018-11-22 17:21:02.417571,10.139.40.122,0.018364
2018-11-22 17:21:02.463906,10.138.25.67,0.030819
2018-11-22 17:21:02.508073,10.138.57.2,0.028788
2018-11-22 17:21:02.606171,10.139.17.4,0.083762
2018-11-22 17:21:02.815021,10.138.85.130,0.193144
2018-11-22 17:21:02.858917,10.138.120.66,0.029212
2018-11-22 17:21:03.750482,10.140.93.35,0.877374
2018-11-22 17:21:04.713135,10.228.193.210,0.15
2018-11-22 17:23:13.893284,10.228.204.9,0.15
2018-11-22 17:23:01.646405,10.139.39.98,0.15
2018-11-22 17:23:01.986957,10.139.37.194,0.330911
2018-11-22 17:23:02.280344,10.228.192.210,0.283858
2018-11-22 17:23:02.492875,10.139.7.4,0.15
2018-11-22 17:23:02.527605,10.139.40.85,0.025984
2018-11-22 17:23:02.553874,10.139.40.122,0.017613
2018-11-22 17:23:02.587368,10.138.25.67,0.024124
2018-11-22 17:23:02.624203,10.138.57.2,0.027511
2018-11-22 17:23:02.704579,10.139.17.4,0.071576
2018-11-22 17:23:02.906387,10.138.85.130,0.192693
2018-11-22 17:23:02.944627,10.138.120.66,0.028686
2018-11-22 17:23:03.843147,10.140.93.35,0.889564
2018-11-22 17:23:04.163471,10.228.193.210,0.15
2018-11-22 17:25:14.733913,10.228.204.9,0.15
