time,similarity
2018-11-22 12:58:00,0.9479774011403949
2018-11-22 13:00:00,0.8661334324659101
2018-11-22 13:02:00,0.8565983816999897
2018-11-22 13:04:00,0.9784662150001212
2018-11-22 13:06:00,0.9847694071705552
2018-11-22 13:08:00,0.9570475389447589
2018-11-22 13:10:00,0.9919518562879753
2018-11-22 13:12:00,0.9918069558552775
2018-11-22 13:14:00,0.9932718298978456
2018-11-22 13:16:00,0.9887313407137642
2018-11-22 13:18:00,0.9626320602458044
2018-11-22 13:20:00,0.9868245772783363
2018-11-22 13:22:00,0.9243440971087797
2018-11-22 13:24:00,0.8138507549383359
2018-11-22 13:26:00,0.991495362671816
2018-11-22 13:28:00,0.9911396121870091
2018-11-22 13:30:00,0.8737815743111361
2018-11-22 13:32:00,0.778771180004172
2018-11-22 13:34:00,0.9887240336705533
2018-11-22 13:36:00,0.9915287260372354
2018-11-22 13:38:00,0.9861654339596629
2018-11-22 13:40:00,0.97828167288225
2018-11-22 13:42:00,0.9907626389704919
2018-11-22 13:44:00,0.9527944026574624
2018-11-22 13:46:00,0.9926673364254688
2018-11-22 13:48:00,0.9898859274482049
2018-11-22 13:50:00,0.9393134956745054
2018-11-22 13:52:00,0.8658246921300883
2018-11-22 13:54:00,0.9866113808084549
2018-11-22 13:56:00,0.9454379198361821
2018-11-22 13:58:00,0.9791749249795781
2018-11-22 14:00:00,0.865667576652921
2018-11-22 14:02:00,0.9192877489607719
2018-11-22 14:04:00,0.9932505795332905
2018-11-22 14:06:00,0.9896214837396675
2018-11-22 14:08:00,0.8271580381510016
2018-11-22 14:10:00,0.983956680952014
2018-11-22 14:12:00,0.9833781025582425
2018-11-22 14:14:00,0.9790884767694923
2018-11-22 14:16:00,0.9857517158688268
2018-11-22 14:18:00,0.38192224111096224
2018-11-22 14:20:00,0.9734445488586697
2018-11-22 14:22:00,0.9800349103419154
2018-11-22 14:24:00,0.9810869600439506
2018-11-22 14:26:00,0.9834698582388124
2018-11-22 14:28:00,0.7878484471589687
2018-11-22 14:30:00,0.8951446125158119
2018-11-22 14:32:00,0.9814250375487775
2018-11-22 14:34:00,0.982555129487861
2018-11-22 14:36:00,0.9750962359798884
2018-11-22 14:38:00,0.9650314152797003
2018-11-22 14:40:00,0.9736147760798205
2018-11-22 14:42:00,0.8633906207004349
2018-11-22 14:44:00,0.9804058867728284
2018-11-22 14:46:00,0.9832668550362406
2018-11-22 14:48:00,0.9528917377513345
2018-11-22 14:50:00,0.9814219644644263
2018-11-22 14:52:00,0.8158197271956461
2018-11-22 14:54:00,0.9123048490805696
2018-11-22 14:56:00,0.8652835451651512
2018-11-22 14:58:00,0.9547673141172974
2018-11-22 15:00:00,0.8144218070183609
2018-11-22 15:02:00,0.6363971142934638
2018-11-22 15:04:00,0.9889166669914485
2018-11-22 15:06:00,0.972552504532301
2018-11-22 15:08:00,0.9386469609377145
2018-11-22 15:10:00,0.9452913963950889
2018-11-22 15:12:00,0.8888485811879691
2018-11-22 15:14:00,0.9862777211501096
2018-11-22 15:16:00,0.9811722023340965
2018-11-22 15:18:00,0.9679255869025069
2018-11-22 15:20:00,0.9859323224723777
2018-11-22 15:22:00,0.9615984914625272
2018-11-22 15:24:00,0.9802245288574422
2018-11-22 15:26:00,0.9801213284504483
2018-11-22 15:28:00,0.9888493855243329
2018-11-22 15:30:00,0.8795657155540737
2018-11-22 15:32:00,0.6763507905235279
2018-11-22 15:34:00,0.9580618373912637
2018-11-22 15:36:00,0.9844943680071366
2018-11-22 15:38:00,0.8518566093067103
2018-11-22 15:40:00,0.9803583109324442
2018-11-22 15:42:00,0.7938840918619596
2018-11-22 15:44:00,0.9840433162248267
2018-11-22 15:46:00,0.9817052434877197
2018-11-22 15:48:00,0.8970569951792905
2018-11-22 15:50:00,0.9536307398942615
2018-11-22 15:52:00,0.9622537071346674
2018-11-22 15:54:00,0.8713495585924741
2018-11-22 15:56:00,0.9596626587115259
2018-11-22 15:58:00,0.9800957844204269
2018-11-22 16:00:00,0.8930866593226326
2018-11-22 16:02:00,0.9713331054349043
2018-11-22 16:04:00,0.9871790884630438
2018-11-22 16:06:00,0.9425356494803895
2018-11-22 16:08:00,0.9719781864120298
2018-11-22 16:10:00,0.9861359389707148
2018-11-22 16:12:00,0.98623081524979
2018-11-22 16:14:00,0.9795196709224383
2018-11-22 16:16:00,0.9780118384638407
2018-11-22 16:18:00,0.8694888198960372
2018-11-22 16:20:00,0.9854350177685837
2018-11-22 16:22:00,-1.0
2018-11-22 16:24:00,0.975378818781005
2018-11-22 16:26:00,0.9812133071975189
2018-11-22 16:28:00,0.9889659420425995
2018-11-22 16:30:00,0.9404520880286041
2018-11-22 16:32:00,0.723135528743378
2018-11-22 16:34:00,0.9506064070991588
2018-11-22 16:36:00,0.9807375701934906
2018-11-22 16:38:00,0.9860996955828947
2018-11-22 16:40:00,0.9839323170031552
2018-11-22 16:42:00,0.8647265481212444
2018-11-22 16:44:00,0.9722469350901437
2018-11-22 16:46:00,0.9414801445994669
2018-11-22 16:48:00,0.9308347562994276
2018-11-22 16:50:00,0.9629546965239865
2018-11-22 16:52:00,0.5447476040174252
2018-11-22 16:54:00,0.9761299764695898
2018-11-22 16:56:00,0.9758744730670394
2018-11-22 16:58:00,0.9408651914842513
2018-11-22 17:00:00,0.9053783286429021
2018-11-22 17:02:00,0.9351923809794022
2018-11-22 17:04:00,0.9728680231666064
2018-11-22 17:06:00,0.9745631483750855
2018-11-22 17:08:00,0.9745959670106069
2018-11-22 17:10:00,0.9746595028779961
2018-11-22 17:12:00,0.9233725399726369
2018-11-22 17:14:00,0.9532453665933575
2018-11-22 17:16:00,0.9746985248454983
2018-11-22 17:18:00,0.9726176963236841
2018-11-22 17:20:00,0.9724756839143267
2018-11-22 17:22:00,0.9705692906385627
2018-11-22 17:24:00,0.9671138826518989
2018-11-22 17:26:00,0.9774042766749517
2018-11-22 17:28:00,0.9716711075577145
2018-11-22 17:30:00,0.9005672530931649
2018-11-22 17:32:00,0.9499628535029555
2018-11-22 17:34:00,0.9588587020812653
2018-11-22 17:36:00,0.9619641436660819
2018-11-22 17:38:00,0.9695078209449526
2018-11-22 17:40:00,0.9695869220289796
2018-11-22 17:42:00,0.9613950429221619
2018-11-22 17:44:00,0.9334317406070647
2018-11-22 17:46:00,0.9712806221981806
2018-11-22 17:48:00,0.9706489191692853
2018-11-22 17:50:00,0.9420058170395276
2018-11-22 17:52:00,0.9666148998528835
2018-11-22 17:54:00,0.9657100556344494
2018-11-22 17:56:00,0.9506589814485165
2018-11-22 17:58:00,0.8512841783783195
2018-11-22 18:00:00,0.8807472951849791
2018-11-22 18:02:00,0.7498297441489234
2018-11-22 18:04:00,0.930066115704914
2018-11-22 18:06:00,0.9501489753024797
2018-11-22 18:08:00,0.9672999536611383
2018-11-22 18:10:00,0.9753488628879349
2018-11-22 18:12:00,0.8204904152994773
2018-11-22 18:14:00,0.8518658096168212
2018-11-22 18:16:00,0.9527530268710861
2018-11-22 18:18:00,0.9691056362480895
2018-11-22 18:20:00,0.9800773409607922
2018-11-22 18:22:00,0.62139669080652
2018-11-22 18:24:00,0.9811078427173969
2018-11-22 18:26:00,0.9649589409183643
2018-11-22 18:28:00,0.9397011430069049
2018-11-22 18:30:00,0.9083931120271217
2018-11-22 18:32:00,0.9804159145976351
2018-11-22 18:34:00,0.966582095312211
2018-11-22 18:36:00,0.9656499878797676
2018-11-22 18:38:00,0.9598665877713661
2018-11-22 18:40:00,0.9584192456747117
2018-11-22 18:42:00,0.36024066275658423
2018-11-22 18:44:00,0.9727659791878805
2018-11-22 18:46:00,0.9676977902022763
2018-11-22 18:48:00,0.9654091683580498
2018-11-22 18:50:00,0.9534972049149535
2018-11-22 18:52:00,0.9269165383322909
2018-11-22 18:54:00,0.9752877380650777
2018-11-22 18:56:00,0.8774565371738761
2018-11-22 18:58:00,0.9216632778436682
2018-11-22 19:00:00,0.8878349156842646
2018-11-22 19:02:00,0.925080221770763
2018-11-22 19:04:00,0.9321910155101752
2018-11-22 19:06:00,0.926833368947706
2018-11-22 19:08:00,0.9404129192402323
2018-11-22 19:10:00,0.9636239754110932
2018-11-22 19:12:00,0.9675329432422841
2018-11-22 19:14:00,0.9868006770078397
2018-11-22 19:16:00,0.9115872842909174
2018-11-22 19:18:00,0.8189143306039446
2018-11-22 19:20:00,0.9385325350183013
2018-11-22 19:22:00,0.8297369016791364
2018-11-22 19:24:00,0.9616029552247731
2018-11-22 19:26:00,0.9722807233225889
2018-11-22 19:28:00,0.9683848435998943
2018-11-22 19:30:00,0.9085247042960373
2018-11-22 19:32:00,0.9383895989543815
2018-11-22 19:34:00,0.8511211985323488
2018-11-22 19:36:00,0.9739501859490735
2018-11-22 19:38:00,0.9518866366390623
2018-11-22 19:40:00,0.9653641450118711
2018-11-22 19:42:00,0.8362089885188434
2018-11-22 19:44:00,0.9732897252178384
2018-11-22 19:46:00,0.9831971082409195
2018-11-22 19:48:00,0.9395239626402514
2018-11-22 19:50:00,0.9620261286170053
2018-11-22 19:52:00,0.974406162835468
2018-11-22 19:54:00,0.9857739119976419
2018-11-22 19:56:00,0.9720610818614274
2018-11-22 19:58:00,0.9042718987725914
2018-11-22 20:00:00,0.9007668150079043
2018-11-22 20:02:00,0.9675345373477361
2018-11-22 20:04:00,0.9618487541312483
2018-11-22 20:06:00,0.9490539472066217
2018-11-22 20:08:00,0.955450681000424
2018-11-22 20:10:00,0.9268332492247403
2018-11-22 20:12:00,0.9650397576338104
2018-11-22 20:14:00,0.902013882948475
2018-11-22 20:16:00,0.9595098886315738
2018-11-22 20:18:00,0.7265848312851851
2018-11-22 20:20:00,0.9521452199092441
2018-11-22 20:22:00,0.966772197332292
2018-11-22 20:24:00,0.854632516424028
2018-11-22 20:26:00,0.9266234608077278
2018-11-22 20:28:00,0.9677740458747065
2018-11-22 20:30:00,0.8563800011022012
2018-11-22 20:32:00,0.9694239911647177
2018-11-22 20:34:00,0.9384829133370007
2018-11-22 20:36:00,0.9713233786069552
2018-11-22 20:38:00,0.9508536327334941
2018-11-22 20:40:00,0.8645820915629283
2018-11-22 20:42:00,0.6781739235571385
2018-11-22 20:44:00,0.7299054997569446
2018-11-22 20:46:00,0.8494753639381307
2018-11-22 20:48:00,0.9683028418707152
2018-11-22 20:50:00,0.9356828781061949
2018-11-22 20:52:00,0.8258345485774831
2018-11-22 20:54:00,0.9774756820884137
2018-11-22 20:56:00,0.7906950331708261
2018-11-22 20:58:00,0.9153059315971072
2018-11-22 21:00:00,0.8995839032220698
2018-11-22 21:02:00,0.8916298010446964
2018-11-22 21:04:00,0.7535775672214801
2018-11-22 21:06:00,0.9826924256352229
2018-11-22 21:08:00,0.9645155349050021
2018-11-22 21:10:00,0.9733323335596938
2018-11-22 21:12:00,0.9667280390678848
2018-11-22 21:14:00,0.9253949105146974
2018-11-22 21:16:00,0.5757213748480271
2018-11-22 21:18:00,0.9128964430676224
2018-11-22 21:20:00,0.9581436246622119
2018-11-22 21:22:00,0.807025276504003
2018-11-22 21:24:00,0.972173468799921
2018-11-22 21:26:00,0.9410167621262472
2018-11-22 21:28:00,0.614790307919626
2018-11-22 21:30:00,0.837750067580171
2018-11-22 21:32:00,0.6445549257368656
2018-11-22 21:34:00,0.9583889645249486
2018-11-22 21:36:00,0.966688893385554
2018-11-22 21:38:00,0.8874610609707436
2018-11-22 21:40:00,0.955841437542607
2018-11-22 21:42:00,0.8767020268372164
2018-11-22 21:44:00,0.9225327006057081
2018-11-22 21:46:00,0.9284613657913762
2018-11-22 21:48:00,0.747506199732409
2018-11-22 21:50:00,0.8342904645273705
2018-11-22 21:52:00,0.9076162182772868
2018-11-22 21:54:00,0.9667766613998481
2018-11-22 21:56:00,0.9786332083666397
2018-11-22 21:58:00,0.9262194775637308
2018-11-22 22:00:00,0.8927453103081205
2018-11-22 22:02:00,0.8413806289872134
2018-11-22 22:04:00,0.9791602200571975
2018-11-22 22:06:00,0.9473992542515011
2018-11-22 22:08:00,0.9883491244211636
2018-11-22 22:10:00,0.9714792382134781
2018-11-22 22:12:00,0.9534467230214365
2018-11-22 22:14:00,0.9649289676622597
2018-11-22 22:16:00,0.9798804300888193
2018-11-22 22:18:00,0.9652060607287861
2018-11-22 22:20:00,0.9775521611367659
2018-11-22 22:22:00,0.9428777374560638
2018-11-22 22:24:00,0.7340629870426433
2018-11-22 22:26:00,0.9795739822196676
2018-11-22 22:28:00,0.8109854312950491
2018-11-22 22:30:00,0.902996939294017
2018-11-22 22:32:00,0.9264221517219209
2018-11-22 22:34:00,0.9446711848426707
2018-11-22 22:36:00,0.9715784087955076
2018-11-22 22:38:00,0.9677808712660334
2018-11-22 22:40:00,0.9742769250468984
2018-11-22 22:42:00,0.7787476510993794
2018-11-22 22:44:00,0.9615514918941522
2018-11-22 22:46:00,0.9840492695390801
2018-11-22 22:48:00,0.9571745058613356
2018-11-22 22:50:00,0.9849131219375516
2018-11-22 22:52:00,0.9768386089514847
2018-11-22 22:54:00,0.9844891140555744
2018-11-22 22:56:00,0.9662585926013748
2018-11-22 22:58:00,0.853494037811188
2018-11-22 23:00:00,0.9152710226039527
2018-11-22 23:02:00,0.9211927481944217
2018-11-22 23:04:00,0.9455065679943871
2018-11-22 23:06:00,0.9752235464066786
2018-11-22 23:08:00,0.97131503050971
2018-11-22 23:10:00,0.9725495603696769
2018-11-22 23:12:00,0.8280371865609162
2018-11-22 23:14:00,0.9778458838600764
2018-11-22 23:16:00,0.9831084260089499
2018-11-22 23:18:00,0.9758999408497352
2018-11-22 23:20:00,0.9853121193055321
2018-11-22 23:22:00,0.8775058774593321
2018-11-22 23:24:00,0.9273991818944992
2018-11-22 23:26:00,0.9728406037398507
2018-11-22 23:28:00,0.9761457975471467
2018-11-22 23:30:00,0.8954649215109205
2018-11-22 23:32:00,0.8905377521397795
2018-11-22 23:34:00,0.9768445007982735
2018-11-22 23:36:00,0.9835834918385155
2018-11-22 23:38:00,0.971981065098741
2018-11-22 23:40:00,0.9763222290884457
2018-11-22 23:42:00,0.8981834177909592
2018-11-22 23:44:00,0.988385634251507
2018-11-22 23:46:00,0.9826250261258854
2018-11-22 23:48:00,0.8846835343644862
2018-11-22 23:50:00,0.9792873805571135
2018-11-22 23:52:00,0.5338233977806932
2018-11-22 23:54:00,0.9788635369006838
2018-11-22 23:56:00,0.9869616427918109
2018-11-22 23:58:00,0.8338702575612139
2018-11-23 00:00:00,0.9065967347146558
2018-11-23 00:02:00,0.9113935784687222
2018-11-23 00:04:00,0.9765969607150775
2018-11-23 00:06:00,0.9792935589712114
2018-11-23 00:08:00,0.9552620807576302
2018-11-23 00:10:00,0.9585614204943768
2018-11-23 00:12:00,0.9877483964008821
2018-11-23 00:14:00,0.9324526022187024
2018-11-23 00:16:00,0.9771691172336391
2018-11-23 00:18:00,0.8097820858354634
2018-11-23 00:20:00,0.9850310052936503
2018-11-23 00:22:00,0.7311985741893184
2018-11-23 00:24:00,0.9845668992831808
2018-11-23 00:26:00,0.9555366469392719
2018-11-23 00:28:00,0.9674321413144185
2018-11-23 00:30:00,0.8855736944644681
2018-11-23 00:32:00,0.8000423278351093
2018-11-23 00:34:00,0.9769790081321621
2018-11-23 00:36:00,0.9657896189809799
2018-11-23 00:38:00,0.904973066451428
2018-11-23 00:40:00,0.9784413528434494
2018-11-23 00:42:00,0.8845548004383543
2018-11-23 00:44:00,0.9747215679233139
2018-11-23 00:46:00,0.9824182684224921
2018-11-23 00:48:00,0.9674434217873386
2018-11-23 00:50:00,0.9061740996773188
2018-11-23 00:52:00,0.32347670448197574
2018-11-23 00:54:00,0.9064819237460483
2018-11-23 00:56:00,0.9767350342814897
2018-11-23 00:58:00,0.9078656948017215
2018-11-23 01:00:00,0.8207661973013326
2018-11-23 01:02:00,0.973440254485365
2018-11-23 01:04:00,0.9768064494235977
2018-11-23 01:06:00,0.9617443145222668
2018-11-23 01:08:00,0.7829498652017204
2018-11-23 01:10:00,0.9863018598901047
2018-11-23 01:12:00,0.6986131567694959
2018-11-23 01:14:00,0.9514598715167447
2018-11-23 01:16:00,0.9023995881778589
2018-11-23 01:18:00,0.9748368008967212
2018-11-23 01:20:00,0.9730666797694996
2018-11-23 01:22:00,0.9803220557937306
2018-11-23 01:24:00,0.9779963265463345
2018-11-23 01:26:00,0.9451864710890416
2018-11-23 01:28:00,0.9603753879939104
2018-11-23 01:30:00,0.8913976757576063
2018-11-23 01:32:00,0.9866857668757397
2018-11-23 01:34:00,0.9755038050646895
2018-11-23 01:36:00,0.9400163439733102
2018-11-23 01:38:00,0.9761326879644915
2018-11-23 01:40:00,0.9881309388149456
2018-11-23 01:42:00,0.9719888901782596
2018-11-23 01:44:00,0.9770664945423282
2018-11-23 01:46:00,0.6889795195919667
2018-11-23 01:48:00,0.9482664299989422
2018-11-23 01:50:00,0.9843183416777975
2018-11-23 01:52:00,0.9509975427355831
2018-11-23 01:54:00,0.9627562782542326
2018-11-23 01:56:00,0.9867423493712352
2018-11-23 01:58:00,0.987574569767415
2018-11-23 02:00:00,0.8720179526781112
2018-11-23 02:02:00,0.9017341713382699
2018-11-23 02:04:00,0.9854029390337818
2018-11-23 02:06:00,0.9761761195627012
2018-11-23 02:08:00,0.9787848806619173
2018-11-23 02:10:00,0.9809072280040948
2018-11-23 02:12:00,0.977099737202904
2018-11-23 02:14:00,0.15464762275709532
2018-11-23 02:16:00,0.9853531377791208
2018-11-23 02:18:00,0.9859181054414904
2018-11-23 02:20:00,0.9667156974051331
2018-11-23 02:22:00,0.9265161368900379
2018-11-23 02:24:00,0.9766112052391168
2018-11-23 02:26:00,0.9794035842765493
2018-11-23 02:28:00,0.8888219235096976
2018-11-23 02:30:00,0.8739083688378421
2018-11-23 02:32:00,0.96031872556487
2018-11-23 02:34:00,0.9859119665651742
2018-11-23 02:36:00,0.9629686160655093
2018-11-23 02:38:00,0.9916955961346625
2018-11-23 02:40:00,0.9628847939366603
2018-11-23 02:42:00,0.9902370401434556
2018-11-23 02:44:00,0.9918232736947199
2018-11-23 02:46:00,0.9820849583256996
2018-11-23 02:48:00,0.8361194687532668
2018-11-23 02:50:00,0.9891721253063778
2018-11-23 02:52:00,0.9911883350246233
2018-11-23 02:54:00,0.9833135102748433
2018-11-23 02:56:00,0.9846513802757947
2018-11-23 02:58:00,0.9079680893878779
2018-11-23 03:00:00,0.7137257762057473
2018-11-23 03:02:00,0.8556456493292224
2018-11-23 03:04:00,0.9522818510815377
2018-11-23 03:06:00,0.9846346036466157
2018-11-23 03:08:00,0.9825511262488464
2018-11-23 03:10:00,0.960902351491122
2018-11-23 03:12:00,0.9677824765252677
2018-11-23 03:14:00,0.9663898228352102
2018-11-23 03:16:00,0.9483208702244249
2018-11-23 03:18:00,0.9931429047145727
2018-11-23 03:20:00,0.9873985170672972
2018-11-23 03:22:00,0.9695119421694729
2018-11-23 03:24:00,0.9286609329348073
2018-11-23 03:26:00,0.9651669514613438
2018-11-23 03:28:00,0.9833464539254965
2018-11-23 03:30:00,0.8779064555471324
2018-11-23 03:32:00,0.8129220236720235
2018-11-23 03:34:00,0.9898557720825848
2018-11-23 03:36:00,0.9850439141358556
2018-11-23 03:38:00,0.9241637057701491
2018-11-23 03:40:00,0.9840884754453832
2018-11-23 03:42:00,0.9876198809263016
2018-11-23 03:44:00,0.976715890498382
2018-11-23 03:46:00,0.9073371253102008
2018-11-23 03:48:00,0.9719350913921866
2018-11-23 03:50:00,0.9852756982237257
2018-11-23 03:52:00,0.9889239152168031
2018-11-23 03:54:00,0.9904565639121062
2018-11-23 03:56:00,0.9926272523331487
2018-11-23 03:58:00,0.9194920427215084
2018-11-23 04:00:00,0.8523792450075002
2018-11-23 04:02:00,0.915204016248012
2018-11-23 04:04:00,0.9919340786240006
2018-11-23 04:06:00,0.9840886610609948
2018-11-23 04:08:00,0.9919814678111153
2018-11-23 04:10:00,0.9905834972391339
2018-11-23 04:12:00,0.9589842342385135
2018-11-23 04:14:00,0.20760864512588964
2018-11-23 04:16:00,0.9913244140324364
2018-11-23 04:18:00,0.9926661797258559
2018-11-23 04:20:00,0.9750182082915453
2018-11-23 04:22:00,0.9872383124490854
2018-11-23 04:24:00,0.7867201257622821
2018-11-23 04:26:00,0.9775738340333802
2018-11-23 04:28:00,0.9906572051002027
2018-11-23 04:30:00,0.8556949666355845
2018-11-23 04:32:00,0.7674198845329613
2018-11-23 04:34:00,0.9145182296946234
2018-11-23 04:36:00,0.992139686126849
2018-11-23 04:38:00,0.9607939040045891
2018-11-23 04:40:00,0.9858637188717377
2018-11-23 04:42:00,0.8668805545072301
2018-11-23 04:44:00,0.9870729123240624
2018-11-23 04:46:00,0.9912132924696584
2018-11-23 04:48:00,0.9888496519526943
2018-11-23 04:50:00,0.9823518589677289
2018-11-23 04:52:00,0.9795688102497939
2018-11-23 04:54:00,0.984425832671442
2018-11-23 04:56:00,0.7983037601053949
2018-11-23 04:58:00,0.9859764406237296
2018-11-23 05:00:00,0.8705930250360635
2018-11-23 05:02:00,0.8304804977462424
2018-11-23 05:04:00,0.9781840901958381
2018-11-23 05:06:00,0.9856405252778986
2018-11-23 05:08:00,0.9184208136272556
2018-11-23 05:10:00,0.9767977700072755
2018-11-23 05:12:00,0.9923973336835296
2018-11-23 05:14:00,0.9881968172519371
2018-11-23 05:16:00,0.9695199601642672
2018-11-23 05:18:00,0.9909312933072222
2018-11-23 05:20:00,0.9938644011239323
2018-11-23 05:22:00,0.9776570236519952
2018-11-23 05:24:00,0.992942585071872
2018-11-23 05:26:00,0.9727630603164208
2018-11-23 05:28:00,0.9822481494705902
2018-11-23 05:30:00,0.8493234650472399
2018-11-23 05:32:00,0.801772143384496
2018-11-23 05:34:00,0.9807297405635675
2018-11-23 05:36:00,0.991408764457351
2018-11-23 05:38:00,0.8283601214016838
2018-11-23 05:40:00,0.9504200340716046
2018-11-23 05:42:00,0.9675939676535242
2018-11-23 05:44:00,0.9815045179148502
2018-11-23 05:46:00,0.8525678090498592
2018-11-23 05:48:00,0.9888191493226657
2018-11-23 05:50:00,0.9895278121349138
2018-11-23 05:52:00,0.942874589448384
2018-11-23 05:54:00,0.9844547090798098
2018-11-23 05:56:00,0.9897682724286075
2018-11-23 05:58:00,0.9766749926583573
2018-11-23 06:00:00,0.8682655141642877
2018-11-23 06:02:00,0.850293391114687
2018-11-23 06:04:00,0.9832612399695106
2018-11-23 06:06:00,0.9835017389343257
2018-11-23 06:08:00,0.9565888122116265
2018-11-23 06:10:00,0.982849027044154
2018-11-23 06:12:00,0.9887996211732282
2018-11-23 06:14:00,0.21776449711902848
2018-11-23 06:16:00,0.9505451139508695
2018-11-23 06:18:00,0.9871195500801422
2018-11-23 06:20:00,0.991337096397372
2018-11-23 06:22:00,0.9913239451799662
2018-11-23 06:24:00,0.9880084767260922
2018-11-23 06:26:00,0.9856138205389248
2018-11-23 06:28:00,0.8590130197942297
2018-11-23 06:30:00,0.8154700905170329
2018-11-23 06:32:00,0.9897423676319524
2018-11-23 06:34:00,0.5559332337486552
2018-11-23 06:36:00,0.9853144192208735
2018-11-23 06:38:00,0.48275147054308115
2018-11-23 06:40:00,0.4923511553806143
2018-11-23 06:42:00,0.9813326301451576
2018-11-23 06:44:00,0.9872315685108815
2018-11-23 06:46:00,0.9905064392052386
2018-11-23 06:48:00,0.9063680904079704
2018-11-23 06:50:00,0.6075722562162945
2018-11-23 06:52:00,0.993333188530824
2018-11-23 06:54:00,0.9899782858646605
2018-11-23 06:56:00,0.9893494298385921
2018-11-23 06:58:00,0.8319762479991734
2018-11-23 07:00:00,0.8802976431939303
2018-11-23 07:02:00,0.8898447446867882
2018-11-23 07:04:00,0.9902154427590494
2018-11-23 07:06:00,0.9872441980073646
2018-11-23 07:08:00,0.9812314459998942
2018-11-23 07:10:00,0.9919635583199149
2018-11-23 07:12:00,0.9913493974885919
2018-11-23 07:14:00,0.9878974433029682
2018-11-23 07:16:00,0.9833264254823525
2018-11-23 07:18:00,0.9232018784972778
2018-11-23 07:20:00,0.9534396028632391
2018-11-23 07:22:00,0.9534951907887242
2018-11-23 07:24:00,0.9243443850790682
2018-11-23 07:26:00,0.9598696249098836
2018-11-23 07:28:00,0.9860284727294998
2018-11-23 07:30:00,0.8639888660028334
2018-11-23 07:32:00,0.9047675741581939
2018-11-23 07:34:00,0.9673334819089368
2018-11-23 07:36:00,0.9861315019429294
2018-11-23 07:38:00,0.9910691396227117
2018-11-23 07:40:00,0.9390601017100568
2018-11-23 07:42:00,0.9364339112550062
2018-11-23 07:44:00,0.838793606793996
2018-11-23 07:46:00,0.991587569999199
2018-11-23 07:48:00,0.9849342451598186
2018-11-23 07:50:00,0.9899609187046693
2018-11-23 07:52:00,0.9907850924958845
2018-11-23 07:54:00,0.9331299308900505
2018-11-23 07:56:00,0.9789203295612724
2018-11-23 07:58:00,0.9165780503593052
2018-11-23 08:00:00,0.8799974704003063
2018-11-23 08:02:00,0.9255483782468737
2018-11-23 08:04:00,0.9699015964631785
2018-11-23 08:06:00,0.9890721188657557
2018-11-23 08:08:00,0.976150899922103
2018-11-23 08:10:00,0.9891763076791564
2018-11-23 08:12:00,0.9943368888397152
2018-11-23 08:14:00,0.9920883548141415
2018-11-23 08:16:00,0.9832802078007675
2018-11-23 08:18:00,0.986395976121815
2018-11-23 08:20:00,0.9882368890774339
2018-11-23 08:22:00,0.9920694791276611
2018-11-23 08:24:00,0.9738769150071419
2018-11-23 08:26:00,0.9875222534917327
2018-11-23 08:28:00,0.9595540959354191
2018-11-23 08:30:00,0.8763265616740031
2018-11-23 08:32:00,0.7652832699038598
2018-11-23 08:34:00,0.9897038499734526
2018-11-23 08:36:00,0.992834430401562
2018-11-23 08:38:00,0.9574889045103848
2018-11-23 08:40:00,0.8514383646482825
2018-11-23 08:42:00,0.9225000383905965
2018-11-23 08:44:00,0.9914478149568202
2018-11-23 08:46:00,0.9727024806128202
2018-11-23 08:48:00,0.8273821826221518
2018-11-23 08:50:00,0.9855017683579884
2018-11-23 08:52:00,0.9931263449041537
2018-11-23 08:54:00,0.9938692418244698
2018-11-23 08:56:00,0.9910136601415358
2018-11-23 08:58:00,0.8015232614144684
2018-11-23 09:00:00,0.841667014116329
2018-11-23 09:02:00,0.5210015533192595
2018-11-23 09:04:00,0.9783791262684218
2018-11-23 09:06:00,0.9917041778818745
2018-11-23 09:08:00,0.9785295425910508
2018-11-23 09:10:00,0.9947264265441501
2018-11-23 09:12:00,0.9943247287096487
2018-11-23 09:14:00,0.9855547675293396
2018-11-23 09:16:00,0.9897750497186321
2018-11-23 09:18:00,0.895324052385448
2018-11-23 09:20:00,0.9852413016207181
2018-11-23 09:22:00,0.9676278652735872
2018-11-23 09:24:00,0.9860428380357812
2018-11-23 09:26:00,0.9844656822955035
2018-11-23 09:28:00,0.8820980123592886
2018-11-23 09:30:00,0.8813617062553153
2018-11-23 09:32:00,0.9914010334094178
2018-11-23 09:34:00,0.9878432879991023
2018-11-23 09:36:00,0.9839920754293502
2018-11-23 09:38:00,0.9887428798586609
2018-11-23 09:40:00,0.9934004654541487
2018-11-23 09:42:00,0.9018467069000775
2018-11-23 09:44:00,0.9210974125772015
2018-11-23 09:46:00,0.9902109875013109
2018-11-23 09:48:00,0.9937495673329555
2018-11-23 09:50:00,0.9864351581583811
2018-11-23 09:52:00,0.9134154645881923
2018-11-23 09:54:00,0.9916383824468727
2018-11-23 09:56:00,0.9907670074129783
2018-11-23 09:58:00,0.9658774738303033
2018-11-23 10:00:00,0.8708745136404134
2018-11-23 10:02:00,0.9351868836117666
2018-11-23 10:04:00,0.989490049901636
2018-11-23 10:06:00,0.9899233142239735
2018-11-23 10:08:00,0.8833729384579733
2018-11-23 10:10:00,0.9921919731000575
2018-11-23 10:12:00,0.9818580099477122
2018-11-23 10:14:00,0.9859007326694517
2018-11-23 10:16:00,0.9898056743252105
2018-11-23 10:18:00,0.9211885272982993
2018-11-23 10:20:00,0.9859236080889141
2018-11-23 10:22:00,0.8739030194592693
2018-11-23 10:24:00,0.9922818251997644
2018-11-23 10:26:00,0.9913284426612021
2018-11-23 10:28:00,0.8684561147814241
2018-11-23 10:30:00,0.8750367600521938
2018-11-23 10:32:00,0.8561477122247642
2018-11-23 10:34:00,0.9865716609066683
2018-11-23 10:36:00,0.9864144254691071
2018-11-23 10:38:00,0.849905898330471
2018-11-23 10:40:00,0.9829599843063358
2018-11-23 10:42:00,0.8989843420130716
2018-11-23 10:44:00,0.9903872661784484
2018-11-23 10:46:00,0.9883154515991094
2018-11-23 10:48:00,0.9894865538268229
2018-11-23 10:50:00,0.9882492301626734
2018-11-23 10:52:00,0.6872972880939566
2018-11-23 10:54:00,0.9877024053226674
2018-11-23 10:56:00,0.9894934114783952
2018-11-23 10:58:00,0.989832862589655
2018-11-23 11:00:00,0.8641816968598418
2018-11-23 11:02:00,0.9200589220521159
2018-11-23 11:04:00,0.9889449058200753
2018-11-23 11:06:00,0.982063900644627
2018-11-23 11:08:00,0.9902121357782058
2018-11-23 11:10:00,0.9896023675246363
2018-11-23 11:12:00,0.8289173764788939
2018-11-23 11:14:00,0.9809857722564438
2018-11-23 11:16:00,0.9840192809746187
2018-11-23 11:18:00,0.8454240064858949
2018-11-23 11:20:00,0.9747794548607253
2018-11-23 11:22:00,0.9493453280060312
2018-11-23 11:24:00,0.9919548878245141
2018-11-23 11:26:00,0.9819766546015346
2018-11-23 11:28:00,0.811265401950117
2018-11-23 11:30:00,0.8308774281886335
2018-11-23 11:32:00,0.9232922472199815
2018-11-23 11:34:00,0.9878644365347009
2018-11-23 11:36:00,0.9873606813826706
2018-11-23 11:38:00,0.9524938660556983
2018-11-23 11:40:00,0.9839537737590436
2018-11-23 11:42:00,0.9466423504622051
2018-11-23 11:44:00,0.9917404457134458
2018-11-23 11:46:00,0.9853505916195987
2018-11-23 11:48:00,0.9858085334639757
2018-11-23 11:50:00,0.9462170135881428
2018-11-23 11:52:00,0.989526692161669
2018-11-23 11:54:00,0.9908631194027984
2018-11-23 11:56:00,0.9653571967055786
2018-11-23 11:58:00,0.9895781216530374
2018-11-23 12:00:00,0.8690591896406946
2018-11-23 12:02:00,0.9847736539940741
2018-11-23 12:04:00,0.9394892372253398
2018-11-23 12:06:00,0.8886902671759206
2018-11-23 12:08:00,0.9856975782607958
2018-11-23 12:10:00,0.9779141622461811
2018-11-23 12:12:00,0.9771555623843659
2018-11-23 12:14:00,0.9231185905191238
2018-11-23 12:16:00,0.9671384710715286
2018-11-23 12:18:00,0.9742174124234717
2018-11-23 12:20:00,0.94019276245614
2018-11-23 12:22:00,0.9348913596394283
2018-11-23 12:24:00,0.9744720837233162
2018-11-23 12:26:00,0.9796569847171058
2018-11-23 12:28:00,0.9768049823621568
2018-11-23 12:30:00,0.8880298138259116
2018-11-23 12:32:00,0.8870686235502441
2018-11-23 12:34:00,0.9877602677268608
2018-11-23 12:36:00,0.9851561184212256
2018-11-23 12:38:00,0.9929720814098828
2018-11-23 12:40:00,0.9701815080187014
2018-11-23 12:42:00,0.9932911975238468
2018-11-23 12:44:00,0.9893634771023456
2018-11-23 12:46:00,0.9887949092462955
2018-11-23 12:48:00,0.8162751517455819
2018-11-23 12:50:00,0.991966701536497
2018-11-23 12:52:00,0.9318862943403511
2018-11-23 12:54:00,0.9797562363820823
2018-11-23 12:56:00,0.982539601635509
2018-11-23 12:58:00,0.9656228655862044
2018-11-23 13:00:00,0.9889709315495604
2018-11-23 13:02:00,0.9259909313593112
2018-11-23 13:04:00,0.9898744693916329
2018-11-23 13:06:00,0.9916961440612342
2018-11-23 13:08:00,0.8141453559212186
2018-11-23 13:10:00,0.9911659750438163
2018-11-23 13:12:00,0.9914182743452731
2018-11-23 13:14:00,0.959870287737934
2018-11-23 13:16:00,0.9835241635037021
2018-11-23 13:18:00,0.9830890328403109
2018-11-23 13:20:00,0.9070991295191652
2018-11-23 13:22:00,0.9634984566914624
2018-11-23 13:24:00,0.9849290581290173
2018-11-23 13:26:00,0.9622315114551211
2018-11-23 13:28:00,0.9900437182271209
2018-11-23 13:30:00,0.866834986030074
2018-11-23 13:32:00,0.932438849079896
2018-11-23 13:34:00,0.9429322689279238
2018-11-23 13:36:00,0.9911334169064219
2018-11-23 13:38:00,0.9623079949340533
2018-11-23 13:40:00,0.9902407760344288
2018-11-23 13:42:00,0.652620840033148
2018-11-23 13:44:00,0.8587093473909252
2018-11-23 13:46:00,0.9734661656385374
2018-11-23 13:48:00,0.9642422267818814
2018-11-23 13:50:00,0.993081854574409
2018-11-23 13:52:00,0.9824161426202475
2018-11-23 13:54:00,0.9927781328953272
2018-11-23 13:56:00,0.6800115002762466
2018-11-23 13:58:00,0.9805712805929622
2018-11-23 14:00:00,0.8719409340689426
2018-11-23 14:02:00,0.5384178619425128
2018-11-23 14:04:00,0.986543637009412
2018-11-23 14:06:00,0.988422230667509
2018-11-23 14:08:00,0.9535696007774694
2018-11-23 14:10:00,0.936503478123933
2018-11-23 14:12:00,0.991247681841274
2018-11-23 14:14:00,0.9883485965776129
2018-11-23 14:16:00,0.8516423131638063
2018-11-23 14:18:00,0.7758448684385423
2018-11-23 14:20:00,0.992306160814143
2018-11-23 14:22:00,0.9919705347303723
2018-11-23 14:24:00,0.9862592614832106
2018-11-23 14:26:00,0.9842916247614585
2018-11-23 14:28:00,0.7568503016205863
2018-11-23 14:30:00,0.7947273385986581
2018-11-23 14:32:00,0.9346636484722691
2018-11-23 14:34:00,0.966307091002882
2018-11-23 14:36:00,0.9911617827165085
2018-11-23 14:38:00,0.8680127442414928
2018-11-23 14:40:00,0.9825879852558884
2018-11-23 14:42:00,0.99132097990737
2018-11-23 14:44:00,0.9920443222421126
2018-11-23 14:46:00,0.7551335627837465
2018-11-23 14:48:00,0.776098906768258
2018-11-23 14:50:00,0.9841433377406902
2018-11-23 14:52:00,0.6250179830296417
2018-11-23 14:54:00,0.9414072995365367
2018-11-23 14:56:00,0.9758837442704974
2018-11-23 14:58:00,0.9763566644725948
2018-11-23 15:00:00,0.9778567149007057
2018-11-23 15:02:00,0.7920967240916631
2018-11-23 15:04:00,0.9736744887051617
2018-11-23 15:06:00,0.9814755271591485
2018-11-23 15:08:00,0.9916077870076295
2018-11-23 15:10:00,0.9716288327684685
2018-11-23 15:12:00,0.8960377896286061
2018-11-23 15:14:00,0.958530644084445
2018-11-23 15:16:00,0.9932582995262259
2018-11-23 15:18:00,0.9838534808201755
2018-11-23 15:20:00,0.990114440981113
2018-11-23 15:22:00,0.9016776918008315
2018-11-23 15:24:00,0.9393960340279383
2018-11-23 15:26:00,0.9878876422016045
2018-11-23 15:28:00,0.8069349012935625
2018-11-23 15:30:00,0.8741906076773773
2018-11-23 15:32:00,0.8663636975365264
2018-11-23 15:34:00,0.9846382825644971
2018-11-23 15:36:00,0.991423995826119
2018-11-23 15:38:00,0.8901945426639876
2018-11-23 15:40:00,0.9765290971262232
2018-11-23 15:42:00,0.9926570802609018
2018-11-23 15:44:00,0.9886918932588947
2018-11-23 15:46:00,0.991300470775748
2018-11-23 15:48:00,0.8832450408656816
2018-11-23 15:50:00,0.9699758906812118
2018-11-23 15:52:00,0.9884176098987584
2018-11-23 15:54:00,0.9795146572648563
2018-11-23 15:56:00,0.9875706958026033
2018-11-23 15:58:00,0.9281810096510391
2018-11-23 16:00:00,0.8929586007312746
2018-11-23 16:02:00,0.917574092324991
2018-11-23 16:04:00,0.9921453158129468
2018-11-23 16:06:00,0.984251883513758
2018-11-23 16:08:00,0.9066889663693908
2018-11-23 16:10:00,0.9894398625764323
2018-11-23 16:12:00,0.9152332216299272
2018-11-23 16:14:00,0.9843847994785465
2018-11-23 16:16:00,0.991524145093054
2018-11-23 16:18:00,0.5212816618825672
2018-11-23 16:20:00,0.9911960915118784
2018-11-23 16:22:00,0.6575170463154025
2018-11-23 16:24:00,0.9855520549334846
2018-11-23 16:26:00,0.987255185985109
2018-11-23 16:28:00,0.9938169531099651
2018-11-23 16:30:00,0.8411470956350414
2018-11-23 16:32:00,0.8935244944463335
2018-11-23 16:34:00,0.9897617915901172
2018-11-23 16:36:00,0.9912672546280201
2018-11-23 16:38:00,0.9908083290378453
2018-11-23 16:40:00,0.502242598117495
2018-11-23 16:42:00,0.9920864539080587
2018-11-23 16:44:00,0.9912114835691986
2018-11-23 16:46:00,0.9858218934667203
2018-11-23 16:48:00,0.8250642102317086
2018-11-23 16:50:00,0.9866888047643682
2018-11-23 16:52:00,0.9351740169779438
2018-11-23 16:54:00,0.989763840725218
2018-11-23 16:56:00,0.9668499401642089
2018-11-23 16:58:00,0.8378945241812855
2018-11-23 17:00:00,0.8741007900977706
2018-11-23 17:02:00,0.9880975404067033
2018-11-23 17:04:00,0.9913449401204363
2018-11-23 17:06:00,0.9850542329559753
2018-11-23 17:08:00,0.8399006296493344
2018-11-23 17:10:00,0.9837900970134483
2018-11-23 17:12:00,0.9797795067388315
2018-11-23 17:14:00,0.9898519446598512
2018-11-23 17:16:00,0.9918828872551808
2018-11-23 17:18:00,0.5716157725174982
2018-11-23 17:20:00,0.9652991332387866
2018-11-23 17:22:00,0.9935459108453316
2018-11-23 17:24:00,0.9918781587844384
2018-11-23 17:26:00,0.9694819240546889
2018-11-23 17:28:00,-0.0013703090692406643
2018-11-23 17:30:00,0.5437775334553463
2018-11-23 17:32:00,0.7689604673367515
2018-11-23 17:34:00,0.7679626855032491
2018-11-23 17:36:00,0.7967038262759308
2018-11-23 17:38:00,-1.0
2018-11-23 17:40:00,0.9401587204982848
2018-11-23 17:42:00,0.9075581091664491
2018-11-23 17:44:00,0.9499511324790939
2018-11-23 17:46:00,0.7303882217654131
2018-11-23 17:48:00,0.7847786470318284
2018-11-23 17:50:00,0.7626267904551863
2018-11-23 17:52:00,0.7193174280539424
2018-11-23 17:54:00,0.867059277310779
2018-11-23 17:56:00,0.8194636857658648
2018-11-23 17:58:00,0.9060701881170025
2018-11-23 18:00:00,0.7830830101918121
2018-11-23 18:02:00,0.7794445951435027
2018-11-23 18:04:00,0.8629530524857771
2018-11-23 18:06:00,0.8307350654413684
2018-11-23 18:08:00,0.8257480677454768
2018-11-23 18:10:00,0.9999636662120897
2018-11-23 18:12:00,0.9999729914346945
2018-11-23 18:14:00,0.9999799197212798
2018-11-23 18:16:00,0.9999824786740268
2018-11-23 18:18:00,0.9999867570133457
2018-11-23 18:20:00,0.9999716132771491
2018-11-23 18:22:00,0.9999924562336845
2018-11-23 18:24:00,0.999998404695669
2018-11-23 18:26:00,0.9999806007032132
2018-11-23 18:28:00,0.9999954172315025
2018-11-23 18:30:00,0.8733385820374191
2018-11-23 18:32:00,0.8145845251592351
2018-11-23 18:34:00,0.8238621140043049
2018-11-23 18:36:00,0.8198295766803815
2018-11-23 18:38:00,0.8017401359012511
2018-11-23 18:40:00,0.9745718250163602
2018-11-23 18:42:00,0.9855328483089908
2018-11-23 18:44:00,0.9928817465064194
2018-11-23 18:46:00,0.9905343946353522
2018-11-23 18:48:00,0.8318349208266276
2018-11-23 18:50:00,0.9730985528580763
2018-11-23 18:52:00,0.9850289531081137
2018-11-23 18:54:00,0.8247242305689834
2018-11-23 18:56:00,0.9767165094171811
2018-11-23 18:58:00,0.9806749398207865
2018-11-23 19:00:00,0.9001977621628249
2018-11-23 19:02:00,0.8255457655923045
2018-11-23 19:04:00,0.9797311353313188
2018-11-23 19:06:00,0.9814202445480321
2018-11-23 19:08:00,0.9908793562855974
2018-11-23 19:10:00,0.9632701941161151
2018-11-23 19:12:00,0.9886598785086952
2018-11-23 19:14:00,0.9875286392830175
2018-11-23 19:16:00,0.9862363412998864
2018-11-23 19:18:00,0.9641981466801021
2018-11-23 19:20:00,0.97754438757761
2018-11-23 19:22:00,0.9851325851028242
2018-11-23 19:24:00,0.9933241352871112
2018-11-23 19:26:00,0.8459213453394328
2018-11-23 19:28:00,0.9913574560493608
2018-11-23 19:30:00,0.9070610397303448
2018-11-23 19:32:00,0.6483859397653574
2018-11-23 19:34:00,0.987253407592398
2018-11-23 19:36:00,0.9348185035036979
2018-11-23 19:38:00,0.9063547837787507
2018-11-23 19:40:00,0.9677463055854209
2018-11-23 19:42:00,0.8821911004701638
2018-11-23 19:44:00,0.9837235047826153
2018-11-23 19:46:00,0.9886150647045229
2018-11-23 19:48:00,0.9712192434340615
2018-11-23 19:50:00,0.9700463158276665
2018-11-23 19:52:00,0.9711235237665105
2018-11-23 19:54:00,0.9621430520093628
2018-11-23 19:56:00,0.9896218704326346
2018-11-23 19:58:00,0.9168224340178425
2018-11-23 20:00:00,0.9007168392730868
2018-11-23 20:02:00,0.9652741448716027
2018-11-23 20:04:00,0.9912503006926165
2018-11-23 20:06:00,0.9487744869347714
2018-11-23 20:08:00,0.9557204371559095
2018-11-23 20:10:00,0.6141329262501939
2018-11-23 20:12:00,0.9544771531959787
2018-11-23 20:14:00,0.9384507657924912
2018-11-23 20:16:00,0.9812102542277241
2018-11-23 20:18:00,0.952217509571379
2018-11-23 20:20:00,0.9628803915945472
2018-11-23 20:22:00,0.8424160166775124
2018-11-23 20:24:00,0.963922243271214
2018-11-23 20:26:00,0.9804850789657693
2018-11-23 20:28:00,0.9361452353033591
2018-11-23 20:30:00,0.8806507384515855
2018-11-23 20:32:00,0.9130473384274232
2018-11-23 20:34:00,0.9334970609704759
2018-11-23 20:36:00,0.9867528586864608
2018-11-23 20:38:00,0.9776055647442884
2018-11-23 20:40:00,0.3700748706464146
2018-11-23 20:42:00,0.6506743531171709
2018-11-23 20:44:00,0.8911371918432637
2018-11-23 20:46:00,0.9774250384126592
2018-11-23 20:48:00,0.9727846092918139
2018-11-23 20:50:00,0.9462745947301712
2018-11-23 20:52:00,0.9157997784595474
2018-11-23 20:54:00,0.975993760204417
2018-11-23 20:56:00,0.8450335988070296
2018-11-23 20:58:00,0.9475717347553596
2018-11-23 21:00:00,0.9218798425807595
2018-11-23 21:02:00,0.96383976333557
2018-11-23 21:04:00,0.9475386833710052
2018-11-23 21:06:00,0.7601185308085721
2018-11-23 21:08:00,0.9318639704945263
2018-11-23 21:10:00,0.8779442882727606
2018-11-23 21:12:00,0.9403516383680738
2018-11-23 21:14:00,0.9815956970615808
2018-11-23 21:16:00,0.9494588507901941
2018-11-23 21:18:00,0.820033293811608
2018-11-23 21:20:00,0.9519958332556748
2018-11-23 21:22:00,0.8920963913959281
2018-11-23 21:24:00,0.8723500508383472
2018-11-23 21:26:00,0.9710859156486852
2018-11-23 21:28:00,0.8291042930457766
2018-11-23 21:30:00,0.9064915629760328
2018-11-23 21:32:00,0.9900540444280864
2018-11-23 21:34:00,0.8891284179967517
2018-11-23 21:36:00,0.97203779738568
2018-11-23 21:38:00,0.7211587358981365
2018-11-23 21:40:00,0.9802214664365508
2018-11-23 21:42:00,0.7835176701393164
2018-11-23 21:44:00,0.9500952533609173
2018-11-23 21:46:00,0.8649586444222505
2018-11-23 21:48:00,0.8956998205454997
2018-11-23 21:50:00,0.9844441335954174
2018-11-23 21:52:00,0.9514740036457016
2018-11-23 21:54:00,0.9604033510524478
2018-11-23 21:56:00,0.9832820043823179
2018-11-23 21:58:00,0.9434255674421189
2018-11-23 22:00:00,0.8605979020703617
2018-11-23 22:02:00,0.9288303069395569
2018-11-23 22:04:00,0.9648042212057174
2018-11-23 22:06:00,0.9923496799902702
2018-11-23 22:08:00,0.8901026376632979
2018-11-23 22:10:00,0.9482009930792129
2018-11-23 22:12:00,0.7436791334704344
2018-11-23 22:14:00,0.97512631348983
2018-11-23 22:16:00,0.9723301255580091
2018-11-23 22:18:00,0.9452986389237731
2018-11-23 22:20:00,0.9780511174741351
2018-11-23 22:22:00,0.9837495615135662
2018-11-23 22:24:00,0.7637553857309682
2018-11-23 22:26:00,0.9392320977800043
2018-11-23 22:28:00,0.8653129046861173
2018-11-23 22:30:00,0.6984236335558673
2018-11-23 22:32:00,0.9894100831535555
2018-11-23 22:34:00,0.9887427764729179
2018-11-23 22:36:00,0.984417961372153
2018-11-23 22:38:00,0.9780441224657729
2018-11-23 22:40:00,0.7434846875582594
2018-11-23 22:42:00,0.9843342323348873
2018-11-23 22:44:00,0.9884616017554934
2018-11-23 22:46:00,0.949222536922781
2018-11-23 22:48:00,0.930547698744833
2018-11-23 22:50:00,0.9937138715796277
2018-11-23 22:52:00,0.986044833874853
2018-11-23 22:54:00,0.9902412825924651
2018-11-23 22:56:00,0.9912362627540272
2018-11-23 22:58:00,0.9048529368325964
2018-11-23 23:00:00,0.9218450087404779
2018-11-23 23:02:00,0.9741711132643296
2018-11-23 23:04:00,0.990911807973707
2018-11-23 23:06:00,0.9853333656274654
2018-11-23 23:08:00,0.9787170520418492
2018-11-23 23:10:00,0.6667610177393187
2018-11-23 23:12:00,0.6838562334356881
2018-11-23 23:14:00,0.963340140405144
2018-11-23 23:16:00,0.9957860799490299
2018-11-23 23:18:00,0.9912690955179467
2018-11-23 23:20:00,0.987315802782426
2018-11-23 23:22:00,0.9698768209006197
2018-11-23 23:24:00,0.948927422053933
2018-11-23 23:26:00,0.9543780251748805
2018-11-23 23:28:00,0.9920010410564232
2018-11-23 23:30:00,0.9307867080613849
2018-11-23 23:32:00,0.8504931944728956
2018-11-23 23:34:00,0.9775292412980422
2018-11-23 23:36:00,0.9879501891913288
2018-11-23 23:38:00,0.9740546756294068
2018-11-23 23:40:00,0.9767724515144737
2018-11-23 23:42:00,0.9338253388095225
2018-11-23 23:44:00,0.957034837497213
2018-11-23 23:46:00,0.9874333944962009
2018-11-23 23:48:00,0.9877184620809919
2018-11-23 23:50:00,0.9855617941731171
2018-11-23 23:52:00,0.9278216488874066
2018-11-23 23:54:00,0.9644681129873436
2018-11-23 23:56:00,0.9793813909427503
2018-11-23 23:58:00,0.9784026404745089
2018-11-24 00:00:00,0.8923007269101061
2018-11-24 00:02:00,0.9159675018315578
2018-11-24 00:04:00,0.9871469729511947
2018-11-24 00:06:00,0.9922937033950561
2018-11-24 00:08:00,0.9895536292729301
2018-11-24 00:10:00,0.9765021417470562
2018-11-24 00:12:00,0.983175527514529
2018-11-24 00:14:00,0.9611894009477933
2018-11-24 00:16:00,0.9863751948232578
2018-11-24 00:18:00,0.9104380253147388
2018-11-24 00:20:00,0.9907948056406899
2018-11-24 00:22:00,0.992138084317769
2018-11-24 00:24:00,0.9863081319175947
2018-11-24 00:26:00,0.9741075635102548
2018-11-24 00:28:00,0.9860200954387893
2018-11-24 00:30:00,0.8767318814843413
2018-11-24 00:32:00,0.5223621531816809
2018-11-24 00:34:00,0.9878046064025802
2018-11-24 00:36:00,0.9890379438361445
2018-11-24 00:38:00,0.982844409862242
2018-11-24 00:40:00,0.8959283996090134
2018-11-24 00:42:00,0.9410287877298624
2018-11-24 00:44:00,0.863592080417621
2018-11-24 00:46:00,0.9700994429495844
2018-11-24 00:48:00,0.9385834426992687
2018-11-24 00:50:00,0.9863417257378653
2018-11-24 00:52:00,0.6896618321397493
2018-11-24 00:54:00,0.9853021058925968
2018-11-24 00:56:00,0.9862088994791728
2018-11-24 00:58:00,0.88572757148704
2018-11-24 01:00:00,0.7986104592149444
2018-11-24 01:02:00,0.872327757859721
2018-11-24 01:04:00,0.9663870116827563
2018-11-24 01:06:00,0.9832085013032789
2018-11-24 01:08:00,0.9041803854696662
2018-11-24 01:10:00,0.9894038481705526
2018-11-24 01:12:00,-1.0
2018-11-24 01:14:00,0.9869344742979793
2018-11-24 01:16:00,0.959758569967979
2018-11-24 01:18:00,0.9395589503767763
2018-11-24 01:20:00,0.9043141284233901
2018-11-24 01:22:00,0.9844012064162039
2018-11-24 01:24:00,0.9052485025143332
2018-11-24 01:26:00,0.9771579661603192
2018-11-24 01:28:00,0.596792200042283
2018-11-24 01:30:00,0.9321719884220355
2018-11-24 01:32:00,0.9050834365928276
2018-11-24 01:34:00,0.9895888143415731
2018-11-24 01:36:00,0.9840085123275252
2018-11-24 01:38:00,0.9763886148634242
2018-11-24 01:40:00,0.8398427364078591
2018-11-24 01:42:00,0.9384418856357355
2018-11-24 01:44:00,0.9851107425507296
2018-11-24 01:46:00,0.9858732639655262
2018-11-24 01:48:00,0.9273962032681418
2018-11-24 01:50:00,0.9909587562173888
2018-11-24 01:52:00,0.9888287812946838
2018-11-24 01:54:00,0.9842243907043663
2018-11-24 01:56:00,0.9825597189583061
2018-11-24 01:58:00,0.9733311823871663
2018-11-24 02:00:00,0.6854372257379947
2018-11-24 02:02:00,0.8747021242272216
2018-11-24 02:04:00,0.9375978680933064
2018-11-24 02:06:00,0.9872754839901982
2018-11-24 02:08:00,0.9896012659419405
2018-11-24 02:10:00,0.6443547327029101
2018-11-24 02:12:00,0.9897299822083797
2018-11-24 02:14:00,0.8501566535220432
2018-11-24 02:16:00,0.9774097945115731
2018-11-24 02:18:00,0.9606282414638954
2018-11-24 02:20:00,0.9930884628839571
2018-11-24 02:22:00,0.8893878767177595
2018-11-24 02:24:00,0.902594172140312
2018-11-24 02:26:00,0.9823720777331008
2018-11-24 02:28:00,0.871627841480783
2018-11-24 02:30:00,0.9165277927971639
2018-11-24 02:32:00,0.98163333233367
2018-11-24 02:34:00,0.9322306212315655
2018-11-24 02:36:00,0.9799300960443801
2018-11-24 02:38:00,0.9001333408851419
2018-11-24 02:40:00,0.825375481137924
2018-11-24 02:42:00,0.9885922671829118
2018-11-24 02:44:00,0.8952198689283076
2018-11-24 02:46:00,0.9928277296407835
2018-11-24 02:48:00,0.8548180085056275
2018-11-24 02:50:00,0.9816130299138611
2018-11-24 02:52:00,0.9896333039622518
2018-11-24 02:54:00,0.9872414128009503
2018-11-24 02:56:00,0.959643540621527
2018-11-24 02:58:00,0.9824098061104739
2018-11-24 03:00:00,0.8265377713489314
2018-11-24 03:02:00,0.8011718013487107
2018-11-24 03:04:00,0.8341782800297066
2018-11-24 03:06:00,0.7869790953694089
2018-11-24 03:08:00,0.9866647318390487
2018-11-24 03:10:00,0.8360018820848921
2018-11-24 03:12:00,0.8491709708578731
2018-11-24 03:14:00,0.7711098140766123
2018-11-24 03:16:00,0.9435779481591298
2018-11-24 03:18:00,0.9805315922101562
2018-11-24 03:20:00,0.9753580906676215
2018-11-24 03:22:00,0.9590989093210771
2018-11-24 03:24:00,0.9864744077790664
2018-11-24 03:26:00,0.989839349407274
2018-11-24 03:28:00,0.8692510966514564
2018-11-24 03:30:00,0.6875489443680768
2018-11-24 03:32:00,0.4947644148915729
2018-11-24 03:34:00,0.5333707322691326
2018-11-24 03:36:00,0.6848800047201046
2018-11-24 03:38:00,0.6978240279412496
2018-11-24 03:40:00,0.9999999614489603
2018-11-24 03:42:00,0.9999979544397205
2018-11-24 03:44:00,0.9999999564540448
2018-11-24 03:46:00,0.9999999115066104
2018-11-24 03:48:00,0.9999958917223171
2018-11-24 03:50:00,0.9999999653182265
2018-11-24 03:52:00,0.9999999675370108
2018-11-24 03:54:00,0.999999954940764
2018-11-24 03:56:00,0.9999999783527067
2018-11-24 03:58:00,0.9999692251425881
2018-11-24 04:00:00,0.9999995172544355
2018-11-24 04:02:00,0.999999971567101
2018-11-24 04:04:00,0.999999974697562
2018-11-24 04:06:00,0.9999999748459435
2018-11-24 04:08:00,0.999999933807794
2018-11-24 04:10:00,0.9999999530015184
2018-11-24 04:12:00,0.999999975154684
2018-11-24 04:14:00,0.9999999409276087
2018-11-24 04:16:00,0.9999999801111835
2018-11-24 04:18:00,0.9999999654656984
2018-11-24 04:20:00,0.9999999494475996
2018-11-24 04:22:00,0.9999998659669971
2018-11-24 04:24:00,0.9999999753239202
2018-11-24 04:26:00,0.9999999609604809
2018-11-24 04:28:00,0.99999996813463
2018-11-24 04:30:00,0.8453755479057148
2018-11-24 04:32:00,0.7548324985210905
2018-11-24 04:34:00,0.7750698463435178
2018-11-24 04:36:00,0.7219871750889276
2018-11-24 04:38:00,0.716911129563552
2018-11-24 04:40:00,0.9410213276500966
2018-11-24 04:42:00,0.9519512157297566
2018-11-24 04:44:00,0.97562230150324
2018-11-24 04:46:00,0.9780385189929918
2018-11-24 04:48:00,0.9528995428181396
2018-11-24 04:50:00,0.9860899189658069
2018-11-24 04:52:00,0.9836122969849765
2018-11-24 04:54:00,0.9914292488758033
2018-11-24 04:56:00,0.9158881329940991
2018-11-24 04:58:00,0.9530132575380169
2018-11-24 05:00:00,0.8928197462362588
2018-11-24 05:02:00,0.8148714515287905
2018-11-24 05:04:00,0.9774838910118934
2018-11-24 05:06:00,0.9878135532476883
2018-11-24 05:08:00,0.9473410092978133
2018-11-24 05:10:00,0.9234201689169521
2018-11-24 05:12:00,0.9909600443098672
2018-11-24 05:14:00,0.9746364149213839
2018-11-24 05:16:00,0.9909324291654514
2018-11-24 05:18:00,0.8482056056051818
2018-11-24 05:20:00,0.9886479445008926
2018-11-24 05:22:00,0.9795250050252235
2018-11-24 05:24:00,0.9721385618869691
2018-11-24 05:26:00,0.9066611543372348
2018-11-24 05:28:00,0.9388163133637821
2018-11-24 05:30:00,0.6342320128510636
2018-11-24 05:32:00,0.9500686978617043
2018-11-24 05:34:00,0.9892800841361883
2018-11-24 05:36:00,0.9583863944372655
2018-11-24 05:38:00,0.9118147242285897
2018-11-24 05:40:00,0.30579132844073814
2018-11-24 05:42:00,0.9777535302501926
2018-11-24 05:44:00,0.9911051703074841
2018-11-24 05:46:00,0.9782529671249803
2018-11-24 05:48:00,0.7807488282798519
2018-11-24 05:50:00,0.9807682976721717
2018-11-24 05:52:00,0.9540894835955247
2018-11-24 05:54:00,0.990964705519154
2018-11-24 05:56:00,0.9916483249285845
2018-11-24 05:58:00,0.977091290567667
2018-11-24 06:00:00,0.8724735407757684
